name_kor,name_eng
김일권,Il-Kwon Kim
김경훈,Kyung-Hoon Kim
조충열,Chung-Yeol Cho
차영화,Young-Hwa Cha
김종모,Jong-Mo Kim
김종윤,Jong-Yoon Kim
김준환,Jun-Hwan Kim
김성한,Sung-Han Kim
홍순만,Soon-Man Hong
이상윤,Sang-Yoon Lee
강만식,Man-Sik Kang
임정면,Jung-Myun Lim
김우근,Woo-Geun Kim
방수원,Soo-Won Bang
박전섭,Jeon-Sub Park
최영조,Young-Jo Choi
신태중,Tae-Joong Shin
김봉연,Bong-Yeon Kim
김용만,Yong-Man Kim
김용남,Yong-Nam Kim
김일환,Il-Hwan Kim
서정환,Jung-Hwan Seo
김현재,Hyun-Jae Kim
주동식,Dong-Sik Joo
장진범,Jin-Beom Jang
김무종,Moo-Jong Kim
엄평재,Um Pyungjae
양승호,Seung-Ho Yang
황기선,Ki-Sun Hwang
조종규,Jong-Gyu Cho
송일섭,Il-Sub Song
강정남,Jung-Nam Kang
유승안,Seung-An Yu
문희수,Hee-Soo Moon
조도연,Do-Yeon Cho
최상주,Sang-Ju Choi
송유석,Yu-Seok Song
이순철,Soon-Chul Lee
선동열,Dong-Yeol Sun
임창호,Chang-Ho Lim
김기철,Gi-Chul Kim
신태순,Tae-Soon Shin
김태업,Tae-Up Kim
한대화,Dae-Hwa Han
김평호,Pyung-Ho Kim
김경호,Kyung-Ho Kim
장채근,Chae-Geun Jang
김대현,Dae-Hyun Kim
차동철,Dong-Chul Cha
신동수,Dong-Soo Shin
김정수,Jung-Soo Kim
이건열,Geon-Yeol Lee
강상진,Sang-Jin Kang
김만후,Man-Hoo Kim
박철우,Chul-Woo Park
조재환,Jae-Hwan Cho
백인수,In-Soo Baek
서창기,Chang-Ki Seo
김성규,Sung-Kyu Kim
윤재호,Jae-Ho Yun
김태완,Tae-Wahn Kim
이광우,Kwang-Woo Lee
이강철,Kang-Chul Lee
박병호,Byung-Ho Park
조계현,Kye-Hyeon Cho
장호익,Ho-Ik Jang
문승훈,Seung-Hoon Moon
강태원,Tae-Won Kang 
이경복,Kyung-Bok Lee
김정훈,Jung-Hoon Kim
유창균,Chang-Kyun Yoo 
정동해,Dong-Hae Jung
조찬관,Chan-Kwan Cho
홍현우,Hyun-Woo Hong
강대성,Dae-Sung Kang 
정회열,Hoi-Yeol Jung
이호성,Ho-Sung Lee
최향남,Hyang-Nam Choi
양민석,Min-Seok Yang
서정필,Jung-Pil Seo 
최태영,Tae-Young Choi 
김병두,Byung-Doo Kim
정성훈,Sung-Hoon Jung
박현수,Hyun-Soo Park 
오희주,Hee-Ju Oh 
이종택,Jong-Taek Lee
김재덕,Jae-Duk Kim
김승남,Seung-Nam Kim 
양회열,Hoi-Yeol Yang
문귀석,Gui-Seok Moon 
김병조,Byung-Jo Kim
박노준,No-Jun Park
김태동,Tae-Dong Kim
김봉영,Bong-Young Kim 
박재벌,Jae-Beol Park
양승철,Seungchul Yang 
구한성,Han-Sung Gu
김형택,Hyung-Taek Kim 
오명종,Myung-Jong Oh
신경호,Kyung-Ho Shin
이용석,Yong-Seok Lee
이종범,Jong-Beom Lee
정성룡,Sung-Ryong Jung
김훈,Hoon Kim
이대진,Dae-Jin Lee
박진철,Jin-Chul Park 
이재만,Jae-Man Lee
이민호,Min-Ho Lee
이우혁,Woo-Hyuk Lee 
조용수,Yong-Soo Cho 
지윤석,Yoon-Seok Ji
유진우,Jin-Woo Yoo
김상훈,Sang-Hoon Kim
전성철,Sung-Chul Jeon
송인호,In-Ho Song
박재용,Jae-Yong Park
김신,Shin Kim
최해식,Hae-Sik Choi
최희창,Hee-Chang Choi
이호준,Ho-Jun Lee
최재영,Jae-Young Choi 
이병훈,Byung-Hoon Lee
김지영,Ji-Young Kim
배훈,Hoon Bae
박기택,Gi-Taek Park
김형성,Hyung-Sung Kim
최철민,Chul-Min Choi
이원식,Won-Sik Lee 
임창용,Chang-Yong Lim
이용훈,Yong-Hoon Lee 
안상준,Sang-Jun An
남상규,Sang-Kyu Nam
추평호,Pyeong-Ho Choo
장성호,Seong-Ho Jang
김경하,Kyung-Ha Kim
김상진,Sang-Jin Kim 
황성기,Sung-Ki Hwang
동봉철,Bong-chul Dong
박철웅,Chul-Woong Park 
김태룡,Tae-Ryong Kim
최상덕,Sang-Deok Choi
권오성,O-sung Kwon
이동욱,Dong-Wook Lee
윤형진,Hyung-Jin Yoon 
우승진,Seung-Jin Woo 
김종국,Jong-Guk Kim
조현,Hyun Cho
최훈재,Hoon-Jae Choi
장석희,Seok-Hee Jang 
오철민,Chul-Min Oh 
조남기,Nam-Ki Cho
김동호,Dong-Ho Kim 
김창희,Chang-Hei Kim
방수환,Soo-Hwan Bang
이우석,Woo-Seok Lee
곽현희,Hyun-Hee Kwak
이병석,Byung-Seok Lee
엄병열,Byung-Yeol Eom
헤어,Shawn Robert Hare
지승준,Seung-Jun Ji
류기중,Ki-Joong Ryu 
소소경,So-Kyung So 
정성훈,Seong-Hun Jeong
장일현,Il-Hyun Jang
박계원,Gye-Won Park
양준혁,Joon-Hyuk Yang
김경진,Kyung-Jin Kim
오봉옥,Bong-Ok Oh
권명철,Myeong-Cheol Kwon
김기환,Ki-Hwan Kim
곽채진,Chae-Jin Kwak
유동훈,Dong-Hun Yu
브릭스,William Stoney Briggs
샌더스,Tracy Jerome Sanders
황두성,Doo-Sung Hwang
김상현,Sang-Hyeon Kim
최길성,Gil-Sung Choi
양현석,Hyun-Seok Yang
김호,Ho Kim
김상훈,Sang-Hun Kim
성영재,Young-Jae Sung
강영식,Young-Sik Kang
박충식,Chung-Sik Park 
조홍준,Hong-Jun Cho
홍세완,Se-Wahn Hong
최영완,Young-Wahn Choi 
타바레스,Jesús Rafael Tavárez Alcántaras
포조,Arquimedez Pozo Ortiz
배스,Jayson Andrew Bass
미첼,Case Mitchell
손혁,Hyuk Son
김민철,Min-Cheol Kim
김경언,Gyeon-Eon Kim
정영규,Young-Kyu Jung
김지훈,Ji-Hoon Kim
최익성,Ik-Sung Choi
정원,Won Jung 
신동주,Dong-Ju Shin
오우진,Woo-Jin Oh 
이윤학,Yoon-Hak Lee
리치,Lewis Richie
산토스,Luis Manuel de los Santos Martinez
심제훈,Je-Hoon Sim
레스,Gary Rath
루이스,Luis Andújar Sánchez
가내영,Nae-Young Ga
이동수,Dong-Soo Lee
김주철,Ju-Chul Kim 
안희봉,Hee-Bong An
젠슨,Martin Janzen
서용주,Yong-Joo Seo
유승룡,Seung-ryong Yoo
박정규,Jung-Kyu Park
송산,San Song
고우석,Woo-Suk Go
박효일,Hyo-il Park
박진영,Jin-Yeong Park
박세준,Seo-Jun Park
박서준,Seo-Jun Park
권희석,Hei-Sug Kwon
김종훈,Jong-Hun Kim
유휘봉,Hwi-Bong Yoo 
차정민,Jung-Min Cha
차명진,Myeoung-Jin Cha
정성철,Sung-Chul Jung
전은석,Eun-Seok Jeon
이효상,Hyo-Sang Lee
이정훈,Jeong-Hun Lee
이영수,Young-Soo Lee
이상화,Sang-Hwa Lee
윤민섭,Min-Seob Yoon
유재혁,Jae-Hyeok Yu
황정립,Jeong-Lip Hwang
이현곤,Hyun-Gon Lee
김형철,Hyeong-Cheol Kim
손영민,Young-Min Son
조태수,Tae-Su Cho
조민철,Min-Chul Cho
이재주,Jae-Ju Lee
장문석,Mun-Seok Jang
강철민,Cheol-Min Kang
고영창,Young-Chang Ko
김태훈,Tae-Hun Kim
장정석,Jeong-Seok Jang
김인철,In-Chul Kim
오준형,Jun-Hyeong Oh
장태성,Tae-Sung Jang
문수호,Su-Ho Moon
오두철,Du-Cheol Oh
장준영,Jun-Young Jang 
김영광,Young-Kwang Kim
박찬,Chan Park
방동민,Dong-Min Bang 
류현철,Hyeon-Cheol Ryu
신용운,Yong-Woon Shin
로드리게스,Ricardo Rodriguez
펨버튼,Rudy Hector Pemberton
구톰슨,Rick Lee Guttormson
박기철,Ki-Cheol Park
현철민,Chul-Min Hyun
윤효섭,Hyo-Seop Yoon
키퍼,Mark Kiefer
뉴선,Warren Newson
이경원,Kyung-Won Lee
양동일,Dong-Yil Yang
김경탁,Kyeong-Tak Kim
최준식,Jun-Sik Choi
조동현,Dong-Hyeon Cho
리오스,Daniel Danny Rios
이경록,Kyeong-Rok Lee 
한동훈,Dong-Hoon Han
이제우,Je-Woo Lee
이동훈,Dong-Hoon Lee
윤민호,Min-ho Yoon
변강득,Kang-Deuk Byun
한성구,Sung-Gu Han
조태진,Tae-Jin Cho
김진우,Jin-Woo Kim
김종문,Jong-Mun Kim
이두환,Doo-Hwan Lee
라미레즈,Horacio Ramirez
김주호,Ju-Ho Kim
서동욱,Dong-Wook Seo
엄정대,Jung-Dae Um
황윤성,Yoon-Sung Hwang
차일목,Il-Mok Cha
허준,Jun Heo
임준혁,Jun-Hyeok Lim
진필중,Pil-Jung Jin
최용호,Yong-Ho Choi
존슨,Mike Johnson
이정상,Jung-Sang Lee
김원섭,Won-Seop Kim
박재홍,Jae-Hong Park
최동락,Dong-Rak Choi
이동현,Dong-Hyun Lee
김주형,Ju-Hyeong Kim
심재학,Jae-Hak Sim
조규제,Kyu-Je Cho
박근홍,Geun-Hong Park
손지환,Ji-Hwan Son
박강우,Kang-Woo Park 
마해영,Hae-Young Ma
김성계,Sung-Gye Kim
마뇽,Julio Manon
김주용,Ju-Yong Kim
최훈락,Hoon-Rak Choi
윤석민,Suk-Min Yoon
전병두,Byung-Doo Jeon
주창훈,Chang-Hoon Joo
진해수,Hae-Soo Jin
이범석,Beom-Seok Lee
백정훈,Jung-Hoon Baek 
김건한,Geon-Han Kim
김성호,Sung-Ho Kim
임성민,Sung-Min Lim
블랭크,Matt Blank
그레이싱어,Seth Adam Greisinger
곽정철,Jung-Cheol Kwak
박경태,Kyung-Tae Park
한규식,Kyu-Sik Han
한기주,Gi-Ju Han
백승훈,Seung-Hoon Baek
서브넥,Michael Serveneck
스캇,Scott Seabol
조경환,Kyung-Hwan Cho
손상정,Sang-Jung Son
류은재,Eun-Jae Ryu
이강서,Kang-Seo Lee
김연훈,Yeon-Hoon Kim
최희섭,Hee-Seop Choi
권윤민,Yoon-Min Kwon
이호신,Ho-Shin Lee
서튼,Larry James Sutton
로드리게스,Félix Antonio Rodríguez
양현종,Hyeon-Jong Yang
이준수,Jun-Soo Lee
에서튼,Seth Michael Etherton
스코비,Jason Hall Scobie
나지완,Ji-Wahn Na
강동우,Dong-Woo Kang
김선빈,Sun-Bin Kim
유용목,Yong-Mok Yoo 
안재만,Jae-Man An
리마,José Desiderio Rodríguez Lima
채종범,Jong-Beom Chae
이성우,Seong-Woo Lee
서재응,Jae-Eung Seo
발데스,Wilson Antonio Valdez
데이비스,Kane Davis
전우엽,Woo-Yeop Jeon 
최경환,Kyeong-Hwan Choi
정민태,Min-Tae Chung
디아즈,Felix Antonio Diaz
최용규,Yong-Gyu Choi
김주현,Joo-Hyun Kim
이명환,Myeong-Hwan Lee
신종길,Jong-Gil Shin
손정훈,Jung-Hun Son
안치홍,Chi-Hong An
정용운,Yong-Woon Jung
김영수,Young-Soo Kim
로페즈,Aquilino Lopez
박기남,Gi-Nam Park
박상혁,Sang-Hyuk Park
이종환,Jong-Hwan Lee
안영명,Yeong-Myeong Ahn
홍재호,Jae-Ho Hong
김다원,Da-Won Kim
임기준,Gi-Jun Lim
심동섭,Dong-Sub Sim
박성호,Sung-Ho Park
라이트,Matt Wright
임한용,Han-Yong Lim
최병연,Byeong-Yeon Choi
이준호,Jun-Ho Lee
콜론,Román benedicto Colón
이범호,Beom-Ho Lee
홍건희,Geon-Hui Hong
윤정우,Jeong-U Yoon
정상교,Sang-Kyo Jeong
박종섭,Jong-Seop Park
우병걸,Byunggeol Woo
트레비스,Travis Jarrod Blackley
김윤동,Yun-Dong Kim
임준섭,Joon-Seop Lim
조영훈,Yeong-Hun Cho
박지훈,Ji-Hoon Park
앤서니,Anthony Allen Lerew
박승민,Seung-Min Park
홍성민,Sung-Min Hong
한승혁,Seung-Hyeok Han
윤해진,Hae-Jin Yun
신창호,Chang-Ho Shin
소사,Henry Sosa
장시하,Si-Ha Jang
김주찬,Joo-Chan Kim
손동욱,Dong-Wook Son
강귀태,Gui-Tae Kang
신승현,Seung-Hyeon Shin
이대환,Dae-Hwan Lee
이홍구,Hong-Gu Lee
고장혁,Jang-Hyuk Ko
박준표,Joon-Pyo Park
백용환,Yong-Hwan Baek
빌로우,Duane Arthur Below
송은범,Eun-Beom Song
이재율,Jae-Yul Lee
황수현,Soo-Hyeon Hwang
김광연,Kwang-Yeon Kim
김민우,Min-Woo Kim
강한울,Han-Wool Kang
김준,Jun Kim
최영필,Yeong-Pil Choi
김태영,Tae-Yeoung Kim
김지훈,Ji-Hun Kim
어센시오,Jairo Manuel Asencio
김병현,Byeong-Hyeon Kim
박찬호,Chan-Ho Park
이대형,Dae-Hyeong Lee
박준태,Jun-Tae Park
토마스,Justin Joseph Thomas
홀튼,Dennis Sean D. J. Houlton Jr.
필,Brett Michael Pill
최현정,Hyeon-Jeong Choi
백세웅,Se-woong Baek
박진두,Jin-Doo Park
황대인,Dae-In Hwang
김광수,Kwang-Soo Kim
이민우,Min-Woo Lee
박동민,Dong-Min Park
황인준,In-Jun Hwang
박정우,Jeong-Woo Park
에반,Evan David Meek
박정수,Jung-Su Park
문경찬,Gyeong-Chan Moon
유창식,Chang-Sik Yu
오준혁,Jun-Hyeok Oh
김호령,Ho-Ryeong Kim
스틴슨,Joshua Randall Stinson
험버,Philip Gregory Humber
이종석,Jong-Seok Lee
이준영,Jun-Yeong Lee
이인행,In-Haeng Lee
이은총,Eun-Chong Lee
전현태,Hyun-Tae Jeon
김명찬,Myeong-Chan Kim
노수광,Soo-Gwang Noh
최원준,Won-Jun Choi
남하준,Ha-Joon Nam
김규성,Kyu-Sung Kim
류승현,Seung-Hyun Ryu
유근상,Geun-sang Yoo
김성민,Seong-min Kim
지크,Ezekiel Stephen Zeke Spruill
김현준,Hyun-Jun Kim
이승우,Seung-Woo Lee
고효준,Hyo-Jun Ko
배힘찬,Him-Chan Bae
한승택,Seung-Taek Han
헥터,Hector Noesi
이진영,Jin-Young Lee
정동현,Dong-Hyun Jeong
신범수,Beom-Soo Shin
서덕원,Deok-Won Seo
전상현,Sang-Hyun Jeon
강이준,Yi-Jun Kang
김지성,Ji-Seong Kim
송후섭,Hoo-Seob Song
김석환,Seok-Hwan Kim
최승주,Seung-Ju Choi
최정민,Jung-Min Choi
유재신,Jae-Shin Yoo
이명기,Myung-Ki Lee
김민식,Min-Sik Kim
최형우,Hyung-Woo Choi
임기영,Gi-Yeong Im
유승철,Seung-Chul Yoo
팻딘,Patrick Michael Dean
박진태,Jin-Tae Park
김세현,Se-Hyeon Kim
버나디나,Roger Bernadina
노관현,Kwan-Hyun Noh
김용인,Yong-in Kim
정윤환,Yun-Hwan Jung
이진경,Jin-Kyung Lee
오상엽,Sang-Yeop Oh
이창진,Chang-Jin Lee
오정환,Jeong-Hwan Oh
황윤호,Yun-Ho Hwang
김승범,Seung-Beom Kim
백미카엘,Michael Baek
문장은,Jang-Eun Moon
윤중현,Joong-Hyun Yoon
이윤학,Yun-Hak Lee
박희주,Hee-Joo Park
권유식,Yoo-sik Kwon
신제왕,Je-Wang Shin
유민상,Min-Sang Yoo
하준영,Jun-Young Ha
한준수,Jun-Soo Han
김유신,Yoo-Shin Kim
윤희영,Hee-Young Yoon
이영욱,Young-Wook Lee
이원빈,Won-Bin Lee
민경남,Kyung-Nam Min
이우성,Woo-Sung Lee
해즐베이커,Jeremy Hazelbaker
김기훈,Ki-Hoon Kim
이태규,Tae-Gyu Lee
김민수,Min-su Kim
문선재,Seon-Jae Moon
김창용,Chang-yong Kim
이호현,Ho-Hyun Lee
나용기,Yong-Gi Na 
박수용,Su-Yong Park
터너,Jacob Edward Turner
최정용,Jeong-Yong Choi
홍원빈,Won-bin Hong
장지수,Ji-Soo Jang
양승철,Seung-Cheol Yang
터커,Preston Michael Tucker
윌랜드,Joseph Andrew Wieland
오선우,Sun-Woo Oh
홍종표,Jong-Pyo Hong
유지성,Ji-Sung Yoo
나주환,Ju-Hwan Na
류지혁,Ji-Hyeok Ryu
이인한,In-Han Lee
김양수,Yang-soo Kim
김태진,Tae-Jin Kim
홍상삼,Sang-Sam Hong
오규석,Kyu-Seok Oh
백현종,Hyun-jong Baek
장현식,Hyeon-Sik Jang
브룩스,Aaron Lee Brooks
강민수,Min-Soo Kang
가뇽,Andrew M. Drew Gagnon
장재혁,Jae-Hyeok Jang
변시원,Si-Won Byun
최용준,Yong-Jun Choi 
김현수,Hyun-Soo Kim
장영석,Young-Seok Jang
박민,Min Park 
정해영,Hae-Young Jung
김영환,Yeong-Hwan Kim
김재열,Jae-Yeol Kim 
장시현,Si-Hyeon Jang
강경학,Gyeong-Hak Kang
김연준,Yeon-Jun Kim 
이준범,Jun-Beom Lee
이준형,Jun-Hyeong Lee
멩덴,Daniel Joseph Mengden
박대명,Dae-Myung Park
이영재,Young-Jae Lee 
다카하시,Rodrigo Hitoshi Bo Takahashi
권혁경,Hyuk-Kyung Kwon
김선우,Seon-Woo Kim
박건우,Geon-Woo Park
이의리,Eui-Lee Lee
장민기,Min-Gi Jang
김원경,Won-kyung Kim
이승재,Seung-Jae Lee
이동건,Dong-Geon Lee 
김도영,Do-Yeong Kim
박동원,Dong-Won Park
김도현,Do-Hyun Kim
김사윤,Sa-Yun Kim
임석진,Suck-Jin Lim
한승연,Seung-Yeon Han 
옥준호,Jun-ho Ok
소크라테스,Sócrates Orel Brito
윤민석,Min-seok Yoon 
박상준,Sang-Jun Park 
놀린,Sean Patrick Nolin
최지민,Ji-Min Choi
황동하,Dong-ha Hwang 
신명승,Myeong-Seung Shin
로니,Ronnie Ellis Williams
파노니,Thomas Edward Pannone Jr
이성주,Seong-Ju Lee
나성범,Sung-Beom Na
손진규,Jin-Gyu son 
백도렬,Do-Ryeol Baek 
고종욱,Jong-Wook Ko
강병우,Byung-Woo Kang
김찬민,Chan-Min Kim
윤도현,Do-Hyun Yoon 
박승훈,Park Seunghoon
이중석,Lee Jung-Seok
손호원,Son Ho Won
배현호,Hyun-Ho Bae
곽도규,Do-Gyu Gwak
김용완,Yong-Wahn Kim
윤영철,Young-Cheol Yoon
최수빈,Su-bin Choi
이도현,Do-Hyun Lee
김도월,Do-Wol Kim
김재현,Jae-Hyun Kim
주효상,Hyo-Sang Joo
김승현,Seung-Hyun Kim
김주섭,Joo-Sub Kim
박일훈,Il-Hoon Park
변우혁,Woo-Hyuk Byun
김태군,Tae-Kun Kim
김건국,Keon-Guk Kim
메디나,Adonis Medina
정해원,Hae-Won Jung
이송찬,Song-Chan Lee
앤더슨,Shaun Anderson
산체스,Mario Sanchez
김대유,Dae-Yu Kim
스타우트,Eric Stout
고명성,Myeong-Seong Ko
김두현,Doo-hyun Kim
크로우,William Chandler Crowe
박시온,Park Sion
김민재,Min-jae Kim
김태윤,Tae-yun Kim
이형범,Hyung-Beom Lee
강동훈,Dong-hoon Kang
최지웅,Ji-woong Choi
강민제,Min-je Kang
성영탁,Yeong-tak Sung
네일,James Aubrey Naile
이상준,Sang-jun Lee
김민주,Min-ju Kim
서건창,Geon-Chang Seo
예진원,Jin-Won Ye
알드레드,Cam Alldred
라우어,Eric Lauer
조대현,Dae-hyun Jo
박정환,Jung-Hwan Park
황규봉,Kyu-Bong Hwang
손상득,Sang-Deuk Son
배대웅,Dae-Woong Bae
장태수,Tae-Soo Jang
천보성,Bo-sung Chun
정구왕,Gu-Wang Jung
허규옥,Kyu-Ok Heo
박영진,Young-Jin Park
함학수,Hak-Soo Ham
성낙수,Nak-Soo Sung
오대석,Dae-Seok Oh
송진호,Jin-Ho Song
김휘욱,Hwi-Wook Kim
정현발,Hyun-Bal Jung
이만수,Man-Soo Lee
이선희,Sun-Hee Lee
권영호,Young-Ho Kwon
김한근,Han-Geun Kim
손상대,Sang-Dae Son
임신근,Shin-Geun Im
우용득,Yong-Deuk Woo
정진호,Jin-Ho Jung
양일환,Il-Hwan Yang
장효조,Hyo-Jo Jang
김근석,Geun-Seok Kim
황병일,Byeong-Il Hwang
박동경,Dong-Kyung Park
박승호,Seung-Ho Park
김동재,Dong-Jae Kim
홍승규,Seung-Kyu Hong
김시진,Si-Jin Kim
김성래,Sung-Rae Kim
진동한,Dong-Han Jin
송일수,Il-Soo Song 
김이수,Yi-Soo Kim
김일융,Il-Yung Kim
전용권,Yong-Kwon Jeon
권기홍,Ki-Hong Kwon
송상진,Sang-Jin Song
김용국,Yong-Gook Kim
김성갑,Sung-Gap Kim
이해창,Hae-Chang Lee
홍순호,Soon-Ho Hong
이종두,Jong-Doo Lee
김준희,Jun-Hee Kim
성준,Jun Sung
최무영,Moo-Young Choi
이성근,Sung-Geun Lee
구윤,Yoon Gu
김훈기,Hoon-Ki Kim
류중일,Jung-Il Ryu
김종갑,Jong-Gab Kim
김기태,Ki-Tae Kim
김성길,Sung-Gil Kim
최진영,Jin-Young Choi
이척기,Cheok-Ki Lee
정윤수,Yoon-Soo Jung
홍성연,Sung-Yeon Hong
정용생,Yong-Saeng Jung
이홍식,Hong-Sik Lee
이현택,Hyun-Taek Lee
김선훈,Sun-Hoon Kim
최해명,Hae-Myung Choi
강기웅,Ki-Woong Kang
최동원,Dong-Won Choi
이종옥,Jong-Ok Lee
오명록,Myung-Rok Oh
송광훈,Kwang-Hoon Song
김용철,Yong-Chul Kim
이문한,Moon-Han Lee
김상엽,Sang-Yup Kim
유명선,Myung-Sun Yoo
나광남,Gwang-Nam Na
이주헌,Ju-Heon Lee
박정은,Jung-Eun Park
안민석,Min-Seok An
강영수,Young-Soo Kang
김성현,Sung-Hyun Kim
강종필,Jong-Pil Kang
박용준,Yong-Jun Park
하용석,Yong-Seok Ha
정존수,Jon-Soo Jung
이상훈,Sang-Hoon Lee
김우현,Woo-Hyun Kim
이태일,Tae-Il Lee
박홍철,Hong-Chul Park
최현준,Hyun-Jun Choi
박인구,In-Gu Park
이규창,Kyu-Chang Lee
이상목,Sang-Mok Lee
정경훈,Kyung-Hoon Jung
윤용하,Yong-Ha Yoon
최일언,Il-Eon Choi
이영재,Young-Jae Lee
신경식,Kyung-Sik Shin
조범현,Beom-Hyeon Cho
윤석환,Seog-Hwan Yun
최홍석,Hong-Seok Choi
이광길,Kwang-Gil Lee
손영철,Young-Chul Son
박규대,Kyu-Dae Park
문기영,Kiyoung Moon
전상렬,Sangr-Yul  Jeon
허삼영,Sam-Young Huh
이상범,Sang-Beom Lee
박철희,Chul-Hee Park
김태한,Tae-Han Kim
김정민,Jung-Min Kim
한기철,Ki-Chul Han
박광율,Kwang-Yul Park
박종철,Jong-Cheol Park
박철수,Chul-Soo Park
강두곤,Doo-Gon Kang
이창원,Chang-Won Lee
전종진,Jong-Jin Jeon
최홍주,Hong-Ju Choi
이용철,Yong-Cheol Lee
한희민,Hei-Min Han
강태윤,Tae-Yoon Kang
김현욱,Hyun-Wook Kim
박선일,Sun-Il Park
최한경,Han-Kyung Choi
최병국,Byung-Guk Choi
최찬욱,Chan-Wook Choi
김실,Sil Kim
김태균,Tae-Kyun Kim
감병훈,Byung-Hoon Gam
최용희,Yong-Hee Choi
박종호,Jong-Ho Park
임채영,Chae-Young Im
최형현,Hyung-Hyun Choi
김한수,Han-Soo Kim
조문식,Moon-Sik Cho
김재걸,Jea-Gul Kim
최한림,Han-Rim Choi
김영진,Yeong-Jin Kim
장정순,Jung-Soon Jang
안윤호,Yoon-Ho An
윤혁,Hyuk Yoon
이승엽,Seung-Yuop Lee
이중화,Joong-Hwa Lee
차상욱,Sang-Wook Cha
김진삼,Jin-Sam Kim
박석진,Seok-Jin Park
김승관,Seung-Kwan Kim
신성필,Sung-Pil Shin
정경배,Kyoung-Bae Chung
전병호,Byung-Ho Jeon
홍광천,Kwang-Chun Hong
박태순,Tae-Soon Park
장형석,Hyung-Seok Jang
최재호,Jae-Ho Choi
양용모,Yong-Mo Yang
권영철,Young-Choul Kwon
김헌수,Heon-Soo Kim
하춘동,Chun-Dong Ha
이계성,Gye-Seong Lee
최창양,Chang- Yang Choi
황성관,Sung-Kwan Hwang
박현영,Hyun-Young Park
김종훈,Jong-Hoon Kim
송재익,Jae-Ik Song
변대수,Dae-Soo Byun
장성국,Sung-Guk Jang
이희성,Hee-Sung Lee
최승우,Seung-Woo Choi
박동희,Dong-Hee Park
박근영,Geun-Young Park
베이커,Scoot Baker
김형석,Hyung-Seok Kim
파라,Jose Para
김진웅,Jin-Woong Kim
김수관,Soo-Kwan Kim
정현욱,Hyun-Wook Jeong
김광현,Kwang-Hyun Kim
진갑용,Kab-Yong Jin
홀,Billy Hall
노장진,Jang-Jin Noh
라형진,Hyung-Jin Ra
이동은,Dong-Eun Lee
김상진,Sang-Jin Kim
스미스,Charles Smith
정회선,Hoi-Sun Jung
정성열,Sung-Yeol Jung
장영균,Young-Kyun Jang
문남열,Nam-Yeol Moon
김동수,Dong-Soo Kim
박정환,Jeong-Hwan Park
프랑코,Julio Franco
배영수,Young-Soo Bae
남기헌,Ki-Heon Nam
이용훈,Yong-Hoon Lee
가르시아,Michael Garcia
이명호,Myung-Ho Lee
임학수,Hak-Soo Im
조상수,Sang-Soo Cho
김승권,Seong-Kon Kim
바에르가,Carlos Baerga
리베라,Bienvenido Rivera
마르티네스,Manny Martinez
이성수,Sung-Soo Lee
박한이,Han-Yi Park
이정호,Jeong-Ho Lee
김덕윤,Duk-Yoon Kim
갈베스,Balvino Galvez
토레스,Salomon Torres
정정오,Jung-Oh Jung
구민호,Min-Ho Ku
김성표,Sung-Pyo Kim
안규현,Gyu-Hyeon Ahn
황수범,Soo-Beom Hwang
이현동,Hyun-Dong Lee
임익현,Ik-Hyeon Lim
한겸,Gyeom Han
허승민,Seung-Min Hur
임재철,Jae-Chul Lim
정병곤,Byeong-Gon Jung
임동규,Dong-Gyu Lim
엘비라,Narciso Elvira
박화랑,Hwa-Rang Park
채형직,Hyeong-Jik Chae
정홍준,Hong-Jun Jeong
권오원,Oh-Won Kwon
현재윤,Jae-Yoon Hyun
패트릭,Bronswell Patrick
추승민,Seung-Min Choo
홍효의,Hyo-Ui Hong
박봉수,Bong-Soo Park
이동훈,Dong-hun Lee
오상민,Sang-Min Oh
크루세타,Francisco Alberto Cruceta
김재현,Jae-Hyeon Kim
이규대,Kyu-Dae Lee
카리대,Esmailin Caridad
매티스,Douglas Mathis
권혁,Hyeok Gwon
이태호,Tae-Ho Lee
이성훈,Seong-Hoon Lee
이준민,Jun-Min Lee
정우양,Woo-Yang Jung
고든,Brian Ernest Gordon
손주인,Ju-In Son
두영진,Yeong-Jin Do
임세업,Se-Eop Lim
오태선,Tae-Sun Oh
노병오,Byung-Oh Noh
에르난데스,Runelvys Hernandez
손형준,Hyeong-Jun Son
노승현,Seung-Hyeon Noh
조동찬,Dong-Chan Cho
김영훈,Young-Hoon Kim
고지행,Ji-Haeng Ko
강명구,Myung-Gu Kang
심성보,Sung-Bo Sim
김문수,Moon-Soo Kim
라이언,Ryan Glynn
안지만,Ji-Man An
권오준,Oh-joon Kwon
곽용섭,Yong-Seob Kwak
이준,Jun Lee
지승민,Seung-Min Ji
진종길,Jin Jong-Kil
이정식,Jung-Sik Lee
박석민,Sok-Min Park
로페즈,Mendy Lopez
오리어리,Troy O’leary
김대익,Dae-Ik Kim
김영복,Young-Bok Kim
윤성환,Sung-Hwan Yun
호지스,Kevin Jon Hodges
안태영,Tae-Young An
박진만,Jin-Man Park
오승환,Seung-Hwan Oh
바르가스,Martin Vargas
심정수,Jung-Soo Sim
손승현,Seung-Hyun Son
하리칼라,Tim Harikkala
해크먼,Luther Hackman
조진호,Jin-Ho Cho
허연철,Yeon-Chul Heo
박성훈,Sung-Hoon Park
강봉규,Bong-Kyu Kang
조현근,Hyun-Kun Jo
백준영,Jun-Young Baek
브라운,Jamie Monroe Brown
김상수,Sang-Soo Kim
김효남,Hyo-Nam Kim
차우찬,Woo-Chan Cha
강유삼,Yu-Sam Kang
양영동,Yeong-Dong Yang
강희성,Hee-Seong Kang
모상기,Sang-Ki Mo
채태인,Tae-In Chae
신명철,Myeong-Cheol Shin
곽동훈,Dong-Hoon Kwak
매존,Brian Mazone
윌슨,Kris Wilson
백정현,Jung-Hyun Baek
이동걸,Dong-Geol Lee
김동욱,Dong-Wook Kim
이여상,Yeo-Sang Lee
우동균,Dong-Gyun Woo
김경모,Kyeong-Mo Kim
김주현,Ju-Hyeon Kim
크루즈,Jacob Cruz
션,Tom Shearn
에니스,John Ennis
오버뮬러,Wes Obermuller
김우석,Woo-Seok Kim
안준형,Jun-Hyeong An
이지영,Ji-Young Lee
심광호,Gwang-Ho Sim
김건필,Geon-Pil Kim
구자운,Ja-Un Ku
최원제,Won-Je Choi
김상수,Sang-Su Kim
나이트,Brandon Knight
이우선,Woo-Seon Lee
채상병,Sang-Byung Chae
박민규,Min-Gyu Park
오정복,Jeong-Bok Oh
정형식,Hyeong-Sik Jeong
최천수,Cheon-Soo Choi
양지훈,Ji-Hun Yang
임익준,Ik-Joon Lim
김재우,Jae-Yoo Kim
안성필,Sung-Pil An
장원삼,Won-Sam Jang
레딩,Tim Redding
정인욱,In-Wook Jung
임진우,Jin-Woo Lim
정민우,Min-Woo Jung
김현우,Hyun-Woo Kim
김성훈,Seong-Hun Kim
문선엽,Sun-Yeop Moon
배영섭,Yeong-Seop Bae
김헌곤,Heon-Gon Kim
심창민,Chang-Min Sim
카도쿠라,Ken Kadokura
김종호,Jong-Ho Kim
가코,Ryan Francis Garko
저마노,Justin Germano
윤영삼,Young-Sam Yoon
임현준,Hyun-Jun Lim
김정혁,Jeong-Hyeok Kim
명재철,Jae-Cheol Myeong
구자욱,Ja-Wook Koo
탈보트,Mitch Talbot
박상원,Sang-Won Park
신용승,Yong-Seung Shin
정두산,Du-San Jeong
성의준,Ui-joon Seong
백상원,Sang-Won Baek
밴덴헐크,Rick VandenHurk
이흥련,Heung-Ryun Lee
이상훈,Sang-Hun Lee
노진용,Jin-Yong Noh
정현,Hyun Jung
박찬도,Chan-Do Park
로드리게스,Aneury Rodriguez
송준석,Jun-Suk Song
이재익,Jae-Ik Lee
박해민,Hae-Min Park
박제윤,Je-Yun Park
나바로,Yamaico Navarro
서동환,Dong-Hwan Seo
마틴,John Dale Martin
이영욱,Yeong-Wook Lee
이수민,Su-Min Lee
김희석,Hee-Suk Kim
김동호,Dong-Ho Kim
김민,Min Kim
곽병선,Byung-seon Kwak
김성한,Seong-han Kim
차화준,Hwa-Joon Cha
김영한,Young-Han Kim
클로이드,Tyler Cloyd
윤영수,Young-Su Yoon
피가로,Alfredo Figaro
최민구,Min-Gu Choi
장필준,Pil-Joon Jang
박계범,Gye-Beom Park
윤대경,Dae-Kyung Yun
최선호,Sun-Ho Choi
김민수,Min-Soo Kim
홍정우,Joung-Woo Hong
안성무,Seong-Mu Ahn
김주온,Joo-On Kim
배진호,Jin-Ho Bae
신영재,Young-Jae Shin
웹스터,Carl Allen Webster
플란데,Yohan Flande
최재원,Jae-Won Choi
이성규,Sung-Gyu Lee
김대우,Dae-Woo Kim
정광운,Gwang-Un Jeong
벨레스터,Collin Thomas Balester
이케빈,Kevin Heon-Ju Lee
레온,Arnold Leon
최충연,Chung-Yeon Choi
발디리스,Aarom Baldiris
나성용,Seong-Yong Na
권정웅,Jeong-Woong Kwon
구준범,Jun-Beom Koo
김성훈,Sung-Hoon Kim
남기효,Gi-hyo Ahn
황선도,Seon-Do Hwang
임대한,Dae-Han Lim
최주엽,Ju-Yeop Choi
최승민,Seung-min Choi
안주형,Joo-Hyung An
김결의,Gyeol-ui Kim
우규민,Kyu-Min Woo
이원석,Won-Seok Lee
최지광,Ji-Gwang Choi
레나도,Anthony Ranaudo
최영진,Yeong-Jin Choi
페트릭,Zachary Bernard Petrick
장지훈,Ji-Hun Jang
이승현,Seung-Hyun Lee
김성윤,Seong-Yun Kim
러프,Darin Ruf
최경철,Gyeong-Cheol Choi
나원탁,Won-Tak Ra
김시현,Si-Hyun Kim
김태수,Tae-Soo Kim
곽경문,Kyung-Moon Kwak
최종현,Jong-Hyun Choi
문용익,Yong-Ik Moon 
정성훈,Seong-Hoon Jeong
조현덕,Hyun-Duk Cho
김호재,Ho-Jae Kim
양창섭,Chang-Seop Yang
최채흥,Chae-Heung Choi
보니야,Lisalverto Bonilla
이성곤,Seong-Kon Lee
아델만,Timothy Max Adleman
박세웅,Se-Woong Park 
강민호,Min-Ho Kang
백승민,Seung-Min Baek
김응민,Eung-Min Kim
김용하,Yong-Ha Kim
김태우,Tae-Woo Kim
윤정빈,Jung-Bin Yoon
이태훈,Tae-Hoon Lee
서주원,Joo-Won Seo
김윤수,Yun-Su Kim
박용민,Yong-Min Park
공민규,Min-Kyu Kong
맹성주,Seong-ju Maeng
김동찬,Dong-Chan Kim
안도원,Do-Won Ahn
채상준,Sang-Jun Chae
이은형,Eun-Hyung Lee
양우현,Woo-Hyun Yang
맥과이어,William Deck McGuire
이병헌,Byung-Heon Lee
헤일리,Justin Case Haley
윌리엄슨,Johnathan Mackensey Williamson
김동엽,Dong-Yub Kim
라이블리,Bennett Lively
김도환,Do-Hwan Kim
원태인,Tae-In Won
이학주,Hak-Ju Lee
박승규,Seung-Kyu Park
봉민호,Min-Ho Bong 
김준우,Joon-Woo Kim
서장민,Jang-Min Seo
이해승,Hae-Seung Lee
김연준,Yeon-Jun Lee
뷰캐넌,David Andrew Buchanan
홍원표,Won-Pyo Hong
노건우,No Gun-Woo
황동재,Dong-Jae Hwang
허윤동,Yoon-Dong Heo
김지찬,Ji-Chan Kim
이승민,Seung-Min Lee
살라디노,Tyler Artolo Saladino
이상민,Sang-Min Lee
팔카,Daniel Bennet Palka
박주혁,Joo-Hyeok Park
김경민,Kyeong-Min Kim
정진수,Jin-Soo Jeong
신동수,Dong-Su Shin
한연욱,Yeon-Wook Han
조경원,Kyung-Won Cho
오선진,Sun-Jin Oh
몽고메리,Michael Paul Mike Montgomery
오재일,Jae-Il Oh
이재희,Jae-Hee Lee
홍무원,Moo-Won Hong
피렐라,José Manuel Pirela
오현석,Hyun-Seok Oh
주한울,Han-Wool Joo
김동진,Dong-Jin Kim
이창용,Chang-Yong Lee
홍승원,Seung-Won Hong
김세민,Se-Min Kim
이기용,Ki-Yong Lee
차동영,Dong-Young Cha
이재현,Jae-Hyeon Lee
김재혁,Jae-Hyeok Kim
김영웅,Yeong-Woong Kim
조민성,Min-Seong Jo
신정환,Jeong-Hwan Shin
김재성,Jae-Seong Kim
최하늘,Ha-Neul Choi
수아레즈,Albert Joe Suárez
김서준,Seo-Jun Kim
박정준,Jeong-Jun Park
김상민,Sang-Min Kim
윤정훈,Jung-Hoon Yoon
강도훈,Do-Hoon Kang
김재상,Jae-Sang Kim
신윤호,Yoon-Ho Shin
서현원,Hyun-Won Seo
류승민,Seung-Min Ryu
이호성,Ho-Seong Lee
와이드너,Taylor Browning Widener
강준서,Jun-Seo Kang
김시온,Si-On Kim
박권후,Kwon-Hoo Park
박시원,Si-Won Park
박진우,Jin-Woo Park
박장민,Jang-Min Park
김민호,Min-Ho Kim
디아즈,Lewin Díaz
육선엽,SUN-YEOP YOOK
양현,Hyeon Yang
맥키넌,David MacKinnon
전병우,Byung-Woo Jeon
레예스,Denyi Reyes
카데나스,Ruben Cardenas
김대호,Dae-ho Kim
임창민,Chang-Min Lim
코너,Connor Seabold
최성훈,Sung-Hoon Choi
김호진,HO-JIN KIM
김재윤,Jae-Yoon Kim
박준용,JUN-YONG PARK
정민성,MIN-SEONG JEONG
양도근,DO-GEUN YANG
유병선,BYUNG-SUN RYU
신경민,KYOUNG-MIN SHIN
이현준,HYEON-JUN LEE
이재호,JAE-HO LEE
김성경,SUNG-KYEUNG KIM
김동현,DONG-HYUN KIM
김재형,JAE-HYUNG KIM
김진홍,Jin-Hong Kim
김우열,Woo-Yeol Kim
김광수,Kwang-soo Kim
유지훤,Ji-Hwon Yoo
이근식,Keun-Sik Lee
김유동,Yu-Dong Kim
박상열,Sang-Yeol Park
윤동균,Dong-kyun Yoon
계형철,Hyeong-Cheol Kye
정종현,Jong-Hyeon Jeong
이홍범,Hong-Beom Lee
황태환,Tae-Hwan Hwang
양세종,Se-jong Yang
정혁진,Hyeok-Jin Jeong
김현홍,Hyun-Hong Kim
구천서,Chun-Seo Gu
박철순,Cheol-Sun Park
김경문,Kyeong-Mun Kim
강철원,Cheol-Won Kang
구재서,Jae-Seo Koo
이근식,Keun-Sig Lee
선우대영,Dae-Yeong SenYu
박종훈,Jong-Hoon Park
정선두,Sun-Doo Jung 
장호연,Ho-Yeon Jang
이삼열,Sam-Yeol Lee
홍신차,Shin-Cha Hong
김진욱,Jin-Wook Kim
김광림,Gwang-Lim Kim
한오종,Oh-Jong Han
김명구,Myung-Gu Kim
홍희섭,Hui-Sup Hong
박해종,Hae-Jong Park
김성호,Seong-Ho Kim
사인상,In-Sang Sa
배원영,Won-Young Bae
김대진,Dae-Jin Kim
조호,Ho Cho
이종도,Jong-Do Lee
박기수,Ki-Soo Park
이승희,Seung-Hee Lee
탁재원,Jae-Won Tak
김영신,Young-Shin Kim
김호근,Ho-Geun Kim
박창언,Chang-Eon Park
감사용,Sa-Yong Kam
박형열,Hyung-Yeol Park
정문섭,Mun-Seop Jung
임채섭,Chae-Seop Lim
최동창,Dong-Chang Choi
이복근,Bok-Geun Lee
도이석,Yi-Seok Doh
박칠성,Chilsung Park
기세봉,Se-Bong Ki 
안대환,Dae-Hwan An
김경남,Kyung-Nam Kim
김강익,Kang-Ik Kim
최규순,Gyu-Soon Choi 
송재박,Jae-Park Song
김용희,Yong-Hee Kim
길홍규,Hong-Gyu Gil
서일권,Il-Gwon Seo
정삼룡,Sam-Ryong Jung
하창우,Chang-Woo Ha
김영균,Young-Kyun Kim
김원식,Won-Sik Kim
강규성,Gyu-Seong Kang
조진구,Jin-Gu Cho
홍길남,Gil-Nam Hong
송명철,Myung-Chul Song
이명수,Myong-Soo Lee
곽연수,Yeon-Su Kwak
김종석,Jong-Seok Kim
김동현,Dong-Hyun Kim
김보선,Bo-Sun Kim
이진,Jin Lee 
김진규,Jin-Kyu Kim
구동우,Dong-Woo Gu
김형균,Hyung-Gyun Kim
김만조,Man-Jo Kim
강형석,Hyung-Seok Kang
임형석,Hyung-Seok Lim
최치용,Chi-Yong Choi
정재호,Jae-Ho Jung
서준룡,Jun-Ryong Seo 
최덕현,Deok-Hyun Choi
손병희,Byung-Hee Son
김상호,Sang-Ho Kim
노석기,Seok-Gi Noh
조정수,Jung-Su Cho
권영구,Young-Gu Kwon
김태형,Tae-Hyeong Kim
이종민,Jong-Min Lee
한명수,Myeong-Soo Han 
김익재,Ik-Jae Kim
강병규,Byung-Kyu Kang
최영술,Young-Sool Choi
이전진,Jeon-Jin Lee
권영일,Young-Il Kwon
최재룡,Jae-Ryong Choi
조중석,Joong-Seok Cho
박천유,Cheon-Yoo Park
안경현,Kyung-Hyun An
이상현,Sang-Hyun Lee
장원진,Won-Jin Jang
고원부,Won-Bu Ko
소상영,Sang-Young So
조경택,Kyeong-Taek Cho
김종성,Jong-Sung Kim
황일권,Il-Kwon Hwang
박상근,Sang-Geun Park
김경원,Kyung-Won Kim
조영상,Young-Sang Cho
추성건,Sung-Geon Chu
이용호,Young-Ho Lee
한태균,Tae-Kyun Han
이도형,Do-Hyung Lee
홍우태,Woo-Tai Hong
류택현,Taek-Hyun Ryu
나영철,Young-Chul Na
윤기수,Ki-soo Yoon
함석원,Seok-Won Ham
조연제,Yeon-Je Cho
김명호,Myung-Ho Kim
박종무,Jong-Moo Park
길랑균,Lang-Gyun Gil
김정규,Jung-Kyu Kim
공유선,Yu-Sun Gong
마원성,Won-Seong Ma
정수근,Soo-Keun Jung
여준홍,Jun-Hong Yeo
서석영,Seok-Young Seo
김유봉,Yu-Bong Kim
송재용,Jae-Yong Song
전형도,Hyung-Do Jeon
이보형,Bo-Hyung Lee
박찬협,Chan-Hyub Park
한명윤,Myung-Yoon Han
박석안,Seok-An Park
최기문,Ki-Moon Choi
박명환,Myung-Hwan Park
문희성,Hee-Sung Moon
이경필,Kyung-Pil Lee
강규철,Kyu-Chul Kang
박상현,Sang-Hyun Park
김환조,Hwan-Jo Kim
강신창,Shin-Chang Kang
김도균,Do-kyun Kim
김도형,Do-Hyung Kim
김윤일,Yoon-Il Kim
캐세레스,Edgar Caceres
김동주,Dong-Joo Kim
우즈,Tyrone Woods
윤상무,Sang-Moo Yoon
조은진,Eun-Jin Cho 
이혜천,Hye-Chun Lee
오세학,Se-Hak Oh
김성균,Sung-Kyun Kim
강혁,Hyuk Kang
홍원기,Won-Ki Hong
차명주,Myung-Ju Cha
홍성흔,Seong-Heun Hong
장성진,Sung-Jin Jang
강길용,Gil-Yong Kang
이경수,Kyung-Soo Lee
파머,Mike Farmer
박보현,Bo-Hyun Park
정원석,Won-Seok Jeong
정진용,Jin-Yong Jung
최경훈,Kyung-Hoon Choi
이대현,Dae-Hyun Lee
유필선,Pil-Sun Yoo
베넷,Shayne Bennett
콜,Victor Cole
이재우,Jae-Woo Lee
김덕용,Duk-Yong Kim
장인규,In-Kyu Jang
송원국,Won-Guk Song
김태구,Tae-Gu Kim
니일,Troy Lee Neel
김동길,Dong-Gil Kim
김준호,Jun-Ho Kim 
이민택,Min-Taek Lee
김강,Kang Kim
오성민,Sung-Min Oh
원용묵,Yong-Muk Won
강인권,In-Kwon Kang
고영민,Yeong-Min Ko
천상웅,Sang-Ung Cheon
이재영,Jae-Young Lee
유재웅,Jae-Woong Yu
니코스키,Christopher John Nitkowski
김명제,Myeong-Jae Kim
이석만,Seok-Man Lee
왈론드,Leslie Dale Walrond
핸킨스,Derek James Hankins
세데뇨,Juan Cedeño
프록터,Scott Christopher Proctor
김경태,Kyung-Tae Kim	
윤요한,Yo-han Yoon
최형록,Hyeong-rok Choi
윤태수,Tae-Soo Yoon
이경환,Kyung-Hwan Lee
한주성,Joo-Seong Han
장우람,Woo-Ram Jang
배상현,Sang-Hyun Bae
이현호,Hyeon-Ho Lee
이승학,Seung-Hak Lee
신동규,Dong-Kyu Shin
김경호,Gyeong-Ho Kim
황덕균,Deok-Gyun Hwang
천영웅,Young-Ung Cheon
박민정,Min-Jeong Park
송주영,Joo-Young Song
김학재,Hak-Jae Kim
이정민,Jeong-Min Lee 
이현민,Hyun-Min Lee
권영준,Young-Jun Kwon
김현민,Hyun-Min Kim
강화영,Hwa-Yeong Kang
여승철,Yeo Seung-cheol
김승회,Seung-Hoi Kim
노경은,Kyeong-Eun Noh
손시헌,Si-Heon Son
김성배,Sung-Bae Kim
이리키,Satohshi Iriki
정종수,Jong-Soo Jung
쿨바,Mike Coolbaugh
정재훈,Jae-Hoon Jung
백대운,Dae-Woon Beak
이승준,Seung-Jun Lee
김혜겸,Hye-Kyeom Kim
김무학,Moo-Hak Kim
방승재,Seung-Jae Bang
김재호,Jae-Ho Kim
윤석민,Seok-Min Yoon
이경민,Kyung-Min Lee
용덕한,Deok-Han Yong
알칸트라,Israel Alcantara
윤재국,Jae-Guk Yoon
홍마태,Ma-Tae Hong
구명환,Myeong-Hwan Gu
이원희,Won-Hee Lee
김수훈,Soo-Hoon Kim
강관식,Kwan-Sik Kang
랜들,Matt Randel
박정배,Jung-Bae Park
스미스,Charles Edward Smith
금민철,Min-Chul Kum
윤승균,Seung-Gyun Yun
장교성,Kyo-Sung Jang
김진수,Jin-Soo Kim
이승엽,Seung-Yuop Lee 
양의지,Eui-Ji Yang
박진원,Jin-Won Park
이종욱,Jong-Wook Lee
민병헌,Byeong-Heon Min
최준석,Jun-Seok Choi
송수,Soo Song 
최주환,Joo-Hwan Choi
이대수,Dae-Soo Lee
이용찬,Yong-Chan Lee
이원재,Won-Jae Lee
허도환,Do-Hwan Heo
오재원,Jae-Won Oh
임태훈,Tae-Hun Lim
신재웅,Jae-Woong Shin
김강률,Kang-Ryul Kim
김하람,Ha-Ram Kim
최승환,Seung-Hwan Choi
김재환,Jae-Hwan Kim
김선우,Sun-Woo Kim
박민석,Min-Seok Park
이성열,Sung-Yeol Lee
고창성,Chang-Seong Ko
레이어,Charles Larry Justin Lehr
진야곱,Ya-Gob Jin
최재훈,Jae-Hun Choi
국해성,Hae-Seong Kuk
오현택,Hyun-Taek Oh
안동현,Dong-Hyeon Ahn
성영훈,Yeong-Hun Seong
왓슨,Matthew Kyle Watson
유희관,Hee-Gwan Yoo
정수빈,Soo-Bin Jeong
조승수,Seung-Soo Jo
허경민,Kyeong-Min Heo
오현근,Hyeon-Geun Oh
히메네스,Kelvin Rogelio Jimenez
조규수,Gyu-Soo Jo
김창훈,Chang-Hoon Kim
장민익,Min-Ik Jang
이현승,Hyun-Seung Lee
이재학,Jae-Hak Lee
정대현,Dae-Hyeon Jeong
김상훈,Sang-hoon Kim
황필선,Pil-Sun Hwang
김동한,Dong-Han Kim
정진호,Jin-Ho Jeong
강동연,Dong-Yeon Kang
안규영,Gyu-Young An
최현진,Hyun-Jin Choi
페르난도,Fernando Alexis Nieve
니퍼트,Dustin Nippert
황인권,In-Kwon Hwang
백진우,Jin-Woo Baek
김명성,Myeong-Seong Kim
윤명준,Myeong-Jun Yoon
박세혁,Se-Hyuk Park
오장훈,Jang-Hun Oh
김이슬,Yi-Sul Kim
이태오,Tae-Oh Lee
올슨,Garrett Olson
정혁진,Hyeok-Jin Jung
김인태,In-Tae Kim
함덕주,Deok-Ju Ham
유창준,Chang-Jun Yoo
정기훈,Gi-Hoon Jeong
칸투,Jorge Luís Cantú Guzmán
문진제,Jin-Je Moon
양종민,Jong-Min Yang
마야,Yunieski Maya
볼스테드,Christopher Kenneth Volstad
허준혁,Jun-Hyeok Huh
장민석,Min-Seok Jang
김진형,Jin-Hyeong Kim
최병욱,Byeong-Wook Choi
김수완,Soo-Wahn Kim
전용훈,Yong-Hun Jeon
장승현,Seung-Hyeon Jang
로메로,Deibinson Romero
루츠,Zach Lutz
신민재,Min-Jae Shin
사공엽,Yeop Sagong
스와잭,Anthony Swarzak
장원준,Won-Jun Jang
채원후,Chae Wonhu
남경호,Kyeong-Ho Nam
이용호,Yong-Ho Lee
박소준,So-Joon Park
정진철,Jin-Cheol Jung
박종욱,Jong-Wook Park
홍재용,Yong-jea Hong
최용제,Yong-Je Choi
박성민,Seong-Min Park
이찬기,Chan-Gi Lee
신창희,Chang-Hee Shin
서예일,Ye-Il Seo
홍성호,Sung-Ho Hong
오석,Suk OH
황경태,Kyung-Tae Hwang
정덕현,Deok-Hyun Jung
조수행,Su-Haeng Cho
보우덴,Michael Bowdent
고봉재,Bong-Jae Ko
고원준,Won-Jun Go
양구열,Gu-Yeol Yang
에반스,Nick Evans
이영하,Young-Ha Lee
홍영현,Young-Hyun Hong
노유성,Yoo-Sung Noh
박유연,Yoo-Yeon Park
방건우,Geon-Woo Bang
이유찬,Yu-Chan Lee
신성현,Seong-Hyeon Shin
김명신,Myeong-Shin Kim
문원,Won Moon
지윤,Yoon Ji
박찬범,Chan-Beom Park
박성환,Seong-Hwan Park
백민규,Min-Gyu Baek
박치국,Chi-Guk Park
전태준,Tae-Joon Jeon
김민혁,Min-Hyeok Kim
정인석,In-Seok Jung
김승후,Seung-Hoo Kim
김민규,Min-Kyu Kim
전민재,Min-Jae Jeon
곽빈,Been Gwak
김정후,Jung-Hoo Kim
최대성,Dae-Sung Choi
윤수호,Su-Ho Yoon
린드블럼,Joshua William Josh Lindblom
후랭코프,Seth Frankoff
정철원,Cheol-Won Jeong
반슬라이크,Scott T. Van Slyke
파레디스,Jimmy Paredes
박신지,Shin-Ji Park
현도훈,Do-Hoon Hyun
백동훈,Dong-Hun Baek
유재유,Jae-Yoo Yoo
박성모,Sung-Mo Park
신민철,Min-Cheol Shin
김호준,Ho-Jun Kim
이지모,Ji-Mo Lee
권민석,Min-Seok Kwon
계정웅,Jeong-Woong Gye
배창현,Chang-Hyun Bae
신현수,Hyun-Soo Shin
정우석,Woo-Suk Jung
안준,Jun An
송승환,Seung-Hwan Song
페르난데스,José Miguel Fernández
이정담,Jung-Dam Lee
김대한,Dae-Han Kim
김태근,Tae-Geun Kim
진재혁,Jae-Hyuk Jin
전루건,Jun Rugun
이교훈,Kyo-Hoon Lee
이민혁,Min-Hyeok Lee
정현욱,Hyun-Wook Jung
김문수,Mun-Su Kim
윤산흠,San-Heum Yoon
최지원,Ji-Won Choi
오명진,Myeong-Jin Oh
안권수,Kwon-Soo An
플렉센,Chris Flexen
권휘,Hwi Kwon
알칸타라,Raul Alcántara
장규빈,Gyu-Bin Jang
이승진,Seung-Jin Lee
정상호,Sang-Ho Jung
이주엽,Ju-Yeop Lee
전형근,Hyung-Geun Jeon
양찬열,Chan-Yul Yang
김성민,Seong-Min Kim
조제영,Je-Yeong Jo
최세창,Se-Chang Choi
박웅,Woong Park
최종인,Jong-In Choi
안재석,Jae-Seok An
남호,Ho Nam
강승호,Seung-Ho Kang
로켓,Andrew Walker Lockett
양석환,Seok-Hwan Yang
미란다,Ariel Miranda
최승용,Seung-Yong Choi
강현구,Hyun-Gu Kang
김도경,Do-Kyung Kim
김도윤,Do-Yoon Kim
임태윤,Tae-Yoon Lim
이상연,Sang-Yeon Lee
강원진,Won-Jin Kang
박성재,Sung-Jae Park
김주완,Ju-Wahn Kim
양현진,Hyun-Jin Yang
안찬호,Chan-Ho An
장빈,Bin Jang
오세훈,Se-Hun OH
백종수,Jong-Soo Baek
김지용,Ji-Yong Kim
안승한,Seung-Han Ahn
스탁,Robert Anthony Stock
최지강,Ji-Kang Choi
강진성,Jin-Sung Kang
브랜든,Brandon David Waddell
이병헌,Byeong-Heon Lee
김동준,Dong-Jun Kim
전희범,Hee-Beom Jeon
윤태호,Tae-Ho Yoon
정유석,Yu-Seok Jung
강동형,Dong-Hyeong Kang
임준형,Jun-Hyeong Lim
김시완,Si-Wahn Kim
강산,San Kang
천현재,Hyeon-Jae Cheon
이민석,Min-Suk Lee
박준영,Jun-Young Park
로하스,Jose Rojas
김정우,Jeong-Woo Kim
딜런,Dylan Michael File 
제환유,Je Hwan-Yu
최준호,Jun-Ho Choi
김유성,Yoo-Seong Kim
임서준,Seo-Jun Im
윤준호,Jun-Ho Yoon
한충희,Choong-Hee Han
백승우,Seung-Woo Baek
박민준,Min-Joon Park
남율,Yu Naml
이정원,Jung-Won Lee
이기석,Ki-Seok Lee
조선명,Sun-Myung Cho
라모스,Henry Ramos
박지호,Ji-ho Park
여동건,Dong-Keon Yeo
류현준,Hyun-jun Ryu
시라카와,Keisho Shirakawa
임종성,Jong-Seong Im
발라조빅,Jordan Balazovic
김기연,Ki-Yeon Kim
전다민,Da-min Jeon
김택연,Taek-Yeon Kim
강태완,Tae-wan Kang
제러드,Jared Young
김무빈,Moo-bin Kim
손율기,Yul-gi Son
김태완,Tae-wan Kim
장원호,Won-Ho Jang
김경기,Kyung-Ki Kim
조동화,Dong-Hwa Cho
손차훈,Cha-Hoon Son
장재명,Jae-Myung Jang
최태원,Tae-Won Choi
유현승,Hyun-Seung Yoo
신주일,Ju-Il Shin
김원형,Won-Hyong Kim
이승호,Seung-Ho Lee
박정현,Jung-Hyun Park
정원배,Won-Bae Jung
김선섭,Sun-Sub Kim
풀리엄,Harvey Pulliam
박주언,Joo-Eon Park
박진석,Jin-Seok Park
김기덕,Ki-Duk Kim
브리또,Tilson Manuel Brito Jiménez
뮬렌,Hensley Meulens
배홍철,Hong-Chul Bae
조원우,Won-Woo Cho
혼즈,Tyrone Hornes
조병찬,Byung-Chan-Cho
길배진,Bae-Jin Gil
장재중,Jae-Joong Jang
손동일,Dong-Il Son
강희석,Hee-Seok Kang
장용대,Yong-Dae Jang
장광호,Gwang-Ho Jang
엄정욱,Jung-wook Um
김종헌,Jong-Heon Kim
김충민,Chung-Min Kim
김태석,Tae-Seok Kim
정수찬,Soo-Chan Jung
정대현,Dae-Hyun Jung
김동건,Dong-Kun Kim
강성우,Sung-Woo Kang
박준서,Jun-Seo Park
조형식,Hyung-Sik Cho
오승준,Seung-Jun Oh
에르난데스,Fernando Hernandez
조중근,Jung-Geun Cho
조웅천,Woong-Cheon Cho
박재상,Jae-Sang Park
에레라,Jose Herrera
김장준,Jang-Jun Kim
김용섭,Yong-Seob Kim
오민철,Min-Cheol Oh
박창근,Chang-Geun Park
방정우,Jung-Woo Bang
김강민,Kang-Min Kim
김문홍,Moon-Hong Kim
제춘모,Chun-Mo Je
하지호,Ji-Ho Ha
김민재,Min-Jae Kim
매기,Daniel Magee
박두일,Doo-Il Park
페르난데스,Jose Fernandez
권영진,Young-Jin Kwon
부시,David Bush
김강석,Kang-Suk Kim
러핀,Johnny Ruffin
지훈,Hun Ji
임성헌,Seong-Heon Lim
채병용,Byung-Yong Chae
박규민,Kyu-Min Park
김종진,Jong-Jin Kim
김재구,Jae-Gu Kim
김상록,Sang-Rok Kim
윤형국,Hyung-Guk Yoon
윤성길,Seong-Gil Yoon
이장환,Jang-Hwan Lee
매그레인,Jim Magrane
정규창,Gyu-Chang Jung
이재인,Jae-In Lee
잉글린,Jeffrey Inglin
글로버,Gary Glover
마리오,Mario Jose Santiago
최진호,Jin-Ho Choi
이건욱,Geon-Wook Lee
윤길현,Gil-Hyun Yoon
이석재,Seok-Jae Lee
이윤재,Yoon-Jae Lee
김정남,Jong-Nam Kim
이경재,Kyung-Jae Lee
이양우,Yang-Woo Lee
황건주,Geon-Ju Hwang
위준호,Joon-Ho Wee
최윤철,Choi Yun-Cheol
유영하,Young-Ha Yoo
민경수,Keong-Soo Min
스미스,Travis Smith
박경완,Kyung-Wahn Park
디아즈,Eddy Diaz
송수근,Soo-Geun Song
김진성,Jin-Sung Kim
김종민,Jong-Min Kim
임훈,Hoon Im
카브레라,José Alberto Cabrera
최혁길,Hyuk-Gil Choi
윤희상,Hee-Sang Yoon
박권수,Kwon-Soo Park
윤현식,Hyun-Sik Yoon
박정권,Jung-Kwon Park
장찬,Chan Jang 
김원,Won Kim
양승학,Seung-Hak Yang
정우람,Woo-Ram Jung
정근우,Geun-Woo Jeong
조영민,Young-Min Cho
크루즈,Nelson Cruz
산체스,Jesus Sanchez
차바치,Ronald Chiavacci
최정,Jeong Choi
김선규,Sun-Kyu Kim
김태환,Tae-Hwan Kim
홍성수,Sung-Soo Hong
권덕준,Duk-Jun Kwon
위재영,Jae-Young Wee
세라노,James Serrano
시오타니,Shiotani Kazuhiko
이재원,Jae-Won Lee
이한진,Han-Jin Lee
조재호,Jae-Ho Cho
피커링,Calvin Pickering
정병희,Byeong-Heui Jeong
박희수,Hee-Soo Park
홍명찬,Myung-chan Hong
가득염,Deuk-Yeom Ka
채종국,Jong-Guk Chae
박윤,Yoon Park
한윤기,Yoon-Gi Han
이창욱,Chang-Wook Lee
레이번,Kenneth Rayborn
로마노,Michael Romano
김기현,Ki-Hyun Kim
박연수,Yeon-Soo Park
모창민,Chang-Min Mo
백청훈,Chung-Hoon Baek
얀,Esteban Yan
윤요섭,Yo-Seop Yoon
레이,Kenneth Ray
쿠비얀,Darwin Cubillan
허일상,Il-Sang Heo
박현준,Hyun-Jun Park
여건욱,Geon-Wook Yeo
김용우,Yong-Woo Kim
윤석주,Seok-ju Yoon
최윤석,Yun-Seok Choi
권용관,Yong-Gwan Gwon
허웅,Woong Heo
최동수,Dong-Soo Choi
안치용,Chi-Yong Ahn
문광은,Kwang-Eun Moon
최원재,Won-Jae Choi
김정훈,Jung-Hun Kim
전준호,Jun-Ho Jeon
이상백,Sang-Baek Lee
안정광,Jung-Kwang An
조성우,Sung-Woo Cho
추경식,Kyeong-Sik Choo
김주원,Ju-Won Kim
김대유,Dae-Yoo Kim
임정우,Jeong-Woo Lim
신정익,Jeong-Ik Shin
윤중환,Joong-Hwan Yoon
정진기,Jin-Gi Jeong
박승욱,Seung-Wook Park
임경완,Gyeong-Wahn Lim
전유수,Yu-Soo Jeon
조인성,In-Sung Jo
임치영,Chi-young Lim
문승원,Seung-Won Moon
박인성,In-Sung Park
최항,Hang Choi
한유섬,Yu-Seom Han
오수호,Soo-Ho Oh
세든,Chris Seddon
레이예스,Jo-Jo Reyes
정영일,Young-Il Jung
신현철,Hyun-Chul Shin
울프,Ross Wolf
스캇,Luke Scott
박계현,Gye-Hyun Park
밴와트,Travis Banwart
허건엽,Geon-Yup Heo
박민호,Min-Ho Park
서동민,Dong-Min Seo
나세원,Se-Won Na
임재현,Jae-Hyeon Lim
신동민,Dong-Min Shin
서진용,Jin-Yong Seo
브라운,Andrew Brown
조한욱,Han-Wook Cho
신동훈,Dong-Hoon Shin
정의윤,Eui-Yun Jeong
홍준표,Jun-Pyo Hong 
켈리,Merrill Kelly
이상열,Sang-Yeol Lee
유서준,Seo-Jun Yoo
이현석,Hyun-Seok Lee
전종훈,Jong-Hun Jeon
유상화,Sang-Hwa Yoo
이진석,Jin-Seok Lee
김웅빈,Woong-Bin Kim
최민재,Min-Jae Choi
하성진,Sung-Jin Ha
고메즈,Hector Alexis Gomez
박광명,Gwang-myung Park
최승준,Seung-Jun Choi
김찬호,Chan-Ho Kim
라라,Braulio Lara
정동윤,Dong-Yun Jung
김주한,Joo-Han Kim
안상현,Sang-Hyun Ahn
조성모,Seong-Mo Jo
김정민,Jeong-Min Kim
김표승,Pyo-Seung Kim
이정범,Jeong-Beom Lee
이재록,Jae-Rok Lee
정영광,Young-Kwang Jung
조용호,Yong-Ho Cho
다이아몬드,Scott Michael Diamond
워스,Daniel Weston Worth
로맥,Jamie Romak
김택형,Taek-Hyung Kim
류효용,Hyo-Yong Ryu
남윤성,Nam Yun-Sung
이원준,Won-Jun Lee
박성한,Sung-Han Park
권기영,Ki-Young Kwon
유호식,Ho-Sik Yu
최경태,Gyeong-Tae Choi
최상민,Sang-Min Choi
강동권,Dong-Gwon Kang
이희재,Hui-Jae Lee
이재관,Jae-Kwan Lee
산체스,Angel Luis Sanchez
강지광,Ji-Kwang Kang
정재원,Jae-Won Jeong
임태준,Tae-Jun Lim
조성훈,Seong-Hun Cho
최민준,Min-Jun Choi
최준우,Jun-Woo Choi
전경원,Gyeong-Won Jeon
이동근,Donk-Keun Lee
이채호,Chae-Ho Lee
허민혁,Min-Hyuk Heo
서상준,Sang-Jun Seo
전진우,Jin-Woo Jeon
강인호,In-Ho Kang
박준영,Jun-Yeong Park
하재훈,Jae-Hoon Ha
김창평,Chang-Pyeong Kim
남태혁,Tae-hyuk Nam
백승건,Seung-Keon Baek
조이현,Yi-Hyeon Jo
채현우,Hyun-Woo Chae
최경모,Kyeong-Mo Choi
최수호,Soo-Ho Choi
김규남,Gyu-Nam Kim
킹험,Nick Kingham
화이트,Tyler White
이태양,Tae-Yang Lee
오태곤,Tae-Gon Oh
핀토,Ricardo  Pinto
정수민,Su-Min Jeong
현원회,Won-Hoe Hyun
윤강민,Kang-Min Yoon
최지훈,Ji-Hoon Choi
오원석,Won-Seok Oh
박시후,Si-Hu Park
이거연,Geo-Yeon Lee
류효승,Hyo-Seung Ryu
김민준,Min-Jun Kim
길지석,Ji-Seok Gil
양선률,Seon-Ryul Yang
이재성,Jae-Seong Lee
전의산,Ui-San Jeon
석호준,Ho-Jun Seok
김교람,Gyo-Ram Kim
박형준,Hyeong-Jun Park
장우준,Woo-Jun Jang
박제범,Je-Beom Park
김찬형,Chan-Hyung Kim
권혁찬,Hyeok-Chan Kwon
추신수,Shin-Soo Choo
신재영,Jae-Young Shin
가빌리오,Samuel Joseph Gaviglio
르위키,Artie Michael Lewicki
박정빈,Jeong-Bin Park
폰트,Wilmer Font Gomez
조형우,Hyeong-Woo Cho
김건우,Geon-Woo Kim
고명준,Myeong-Jun Ko
조병현,Byeong-Hyeon Cho
조요한,Yo-Han Cho
김태윤,Tae-Woon Kim
임성준,Seong-Jun Im
최유빈,Yu-Bin Choi
임근우,Geun-u Im
라가레스,Juan Lagares
크론,Kevin Cron
노바,Iván Nova
모리만도,Shawn Morimando
한두솔,Doo-Sol Han
정성곤,Seong-Gon Jeong
전영준,Yeong-Jun Jeon
박상후,Sang-Hu Park
윤태현,Tae-Hyeon Yoon
이기순,Gi-Sun Lee
석정우,Jung-Woo Seok
신헌민,Heon-Min Shin
강매성,Mae-Seong Kang 
박세직,Se-Jik Park 
김건이,Geon-Yi  Kim
김준영,Joon-Young Kim
류현곤,Hyun-Gon Ryu
조강희,Kang-Hee Cho
이승훈,Seung-Hoon Lee
엘리아스,Roenis Elías
에레디아,Guillermo Heredia Molina
맥카티,Kirkland Kirk McCarty
김건웅,Geon-Woong Kim
로메로,Enny Manuel Romero Hernandez 
이로운,Ro-Un Lee
김민준,Min-Joon Kim
안현서,Hyun-Seo Ahn
송영진,Young-Jin Song
박성빈,Sung-bin Park
백준서,Jun-seo Baek
김규민,Kyu-min Kim
윤성보,Seong-bo Yun
변건우,kun-woo Byun
허진,jin Heo
이찬혁,Chan-Hyeok Lee
박대온,Dae-On Park
더거,Robert Lee Dugger
앤더슨,Andrew James Anderson
김지현,Ji-hyeon Kim
최민창,Min-Chang Choi
박기호,Giho Park
박지환,Ji-hwan Park
최현석,Hyun-suk Choi
정준재,Jun-jae Jung
정현승,Hyun-seung Jung
이승민,Seung-min Lee
송경섭,Gyeong-Seob Song 
조흥운,Heung-Woon Cho
이철성,Chul-Sung Lee
허운,Woon Heo
김무관,Mu-Kwan Kim
양승관,Seung-Kwan Yang
장정기,Jung-Ki Jang 
박경호,Gyeong-Ho Park 
이경수,Gyeong-Su Lee 
김진철,Jin-Chul Kim 
김구길,Gu-Gil Kim 
이찬선,Chan-Seon Lee 
김호인,Ho-In Kim
문주모,Ju-Mo Mun
정성만,Sung-Man Jung
금광옥,Kwang-Ok Geum
최영환,Young-Hwan Choi
박준영,Jun-Young Park 
김동철,Dong-Chul Kim
인호봉,Ho-Bong In 
한상연,Sang-Yeon Han
오문현,Moon-Hyun Oh
이춘근,Chun-Geun Lee 
백인천,In-Chun Baek
이영구,Young-Gu Lee
임호균,Ho-Gyun Lim
유종천,Jong-Chun Yoo
이선웅,Sun-Woong Lee
엄태섭,Tae-Sup Eom
정구선,Gu-Sun Jung
박명운,Myung-Woom Park
김상기,Sang-Ki Kim
장명부,Myung-Bu Jang
권두조,Doo-Jo Kwon
김덕열,Duk-Yeol Kim
박정후,Jung-Hoo Park
최계훈,Gye-Hoon Choi
우경하,Kyung-Ha Woo
김명성,Myung-Sung Kim
양후승,Hoo-Seung Yang
이병억,Byung-Eok Lee
정은배,Eun-Bae Jung 
김바위,Ba-Wi Kim
최재은,Jae-Eun Choi
최광묵,Kwang-muk Choi 
고광수,Gwang-Su Ko
김신부,Shin-Bu Kim
이광근,Kwang-Geun Lee
조병천,Byung-Chun Cho
오덕환,Deok-Hwan Oh
김봉근,Bong-Geun Kim
양상문,Sang-Moon Yang
김동기,Dong-Ki Kim
이우상,Woo-Sang Lee
신성철,Sung-chul Shin
김경갑,Gyung-Gap Kim 
천성호,Sung-Ho Cheon
김진근,Jin-Geun Kim
이연수,Yeon-Soo Lee
김윤환,Yoon-Hwan Kim
이진우,Jin-Woo Lee
배경환,Kyung-Hwan Bae
최창호,Chang-Ho Choi
김한조,Han-Jo Kim
곽권희,Kwon-Hee Kwak
원원근,Won-Keun Won
김일부,Il-Bu Kim
박상국,Sang-Guk Park
송형석,Hyung-Seok Song
박상범,Sang-Beom Park
김승태,Seung-Tae Kim
신완근,Wahn-Geun Shin
여태구,Tae-Gu Yeo
유동효,Dong-Hyo Yoo
이상구,Sang-Gu Lee
정영기,Young-Ki Jung
천창호,Chang-Ho Cheon
김진한,Jin-Han Kim
정명원,Myeong-Won Chung
이충우,Chung-Woo Lee
허정욱,Jeong-Wook Heo
이재호,Jae-Ho Lee
홍문종,Mun-Jong Hong
김풍기,Poong-Gi Kim
이상대,Sang-Dae Lee
정명진,Myung-Jin Jung
박은진,Eun-Jin Park
노민승,Min-Seung Noh
강호규,Ho-Gyu Kang
김인호,In-Ho Kim
강광회,Kwang-Hoe Kang
이길환,Gil-Hwan Lee
오영일,Yeong-ll Oh
최광천,Gwang-Cheon Choi
최용철,Yong-Cheol Choi
윤성훈,Sung-Hoon Yoon
정상진,Sang-Jin Jung
김력,Hyuk Kim
권준헌,Jun-Heon Kwon
임진수,Jin-Su Lim
김병주,Byung-Joo Kim 
정영진,Young-Jin Jung
정문언,Moon-Eon Jung
백성진,Sung-Jin Baek
전일수,Il-Soo Jeon 
염경엽,Gyeong-Yeob Yeom
김홍기,Hong-Ki Kim
김민태,Min-Tae Kim
주경업,Kyung-Up Joo
신상윤,Sang-Yoon Shin
이근엽,Geun-Yeob Lee
김흥만,Heung-Man Kim
윤덕규,Deog-Kyu Yun
김재박,Jae-Bak Kim
장덕영,Duk-Young Jang
유영환,Young-Hwan Yoo
서정민,Jung-Min Seo
오상욱,Sang-Wook Oh
안병원,Byung-Won An
나성열,Sung-Yeol Na
김홍집,Hong-Jib Kim
김갑중,Gab-Joong Kim
김성준,Sung-Jun Kim
공의식,Eui-Sik Gong
양윤기,Yoon-Ki Yang
계기범,Gi-Beom Kye
노승욱,Seung-Wook Noh
이경호,Kyung-Ho Lee
이숭용,Soong-Yong Lee
김성태,Seong-Tae Kim
하득인,Deuk-In Ha
곽병찬,Byung-Chan Kwak
문창환,Chang-Hwan Moon
임성주,Sung-Joo Lim
김민범,Min-Beom-Kim
이종호,Jong-Ho Lee
이용주,Yong-Joo Lee
김병철,Byung-Cheol Kim
박상일,Sang-Il Park
도명진,Myung-Jin Do
지화선,Hwa-Sun Ji
김억만,Eok-Man Kim
김상국,Sang-Guk Kim
설종진,Jong-Jin Seol
허유신,Yu-Shin Heo 
최원호,Won-Ho Choi
김형남,Hyung-Nam Kim
안명성,Myung-Sung An
노종우,Jong-Woo Noh
최인선,In-Seon Choi
조승현,Seung-Hyun Cho
정수성,Soo-Sung Jung
최만호,Man-Ho Choi
이득수,Deuk-Soo Lee
김필중,Pil-Joong Kim 
쿨바,Scott Robert Coolbaugh
홍민구,Min-Koo Hong 
스트롱,Joseph Benjamin Strong
김수경,Soo-Kyung Kim
고호봉,Ho-Bong Ko
정인호,In-Ho Jung 
김일경,Il-Gyeong Kim
윤상원,Sang-won Yoon
바워스,Brent Raymond Bowers
카날리,George Anthony Canale
서성민,Sung-Min Seo
강필선,Pil-Sun Kang
이정훈,Jung-Hoon Lee
피어슨,Eddie Lavorn Pearson
임선동,Sun-Dong Im
박장희,Jang-Heu Park
브링클리,Darryl Maurice Brinkley
카펜터,Charles Carpenter
오윤,Yun Oh
퀸란,Thomas Quinlan
신철인,Chul-In Shin
마일영,Il-Young Ma
윌리엄스,Eddie Williams
전근표,Keun-Pyo Jeon
김익수,Ik-Soo Kim
송신영,Shin-Young Song
필립스,J.R. Philllips
테일러,Kerry Thomas Taylor
엔리케스,Óscar Eduardo Henríquez
정현택,Hyun-Taek Jung
이근용,Geun-Yong Lee
박우호,Woo-Ho Park
서한규,Han-Gyu Seo
폴,Corey Paul
강병식,Byeong-Sik Kang
프랭클린,Micah Franklin
최환인,Hwan-In Choi
토레스,Melquicedec Torres
베라스,Darío Antonio Veras
조용준,Yong-Jun Cho
지석훈,Seok-Hun Ji
바워스,Shane patrick Bowers
브룸바,Clifford Michael Brumbaugh
이택근,Taek-Geun Lee
노환수,Hwan-Soo Noh
이동학,Dong-Hak Lee
송지만,Ji-Man Song
피어리,Michael Edwin Fyhrie
이승주,Seung-Joo Lee
조평호,Pyeong-Ho Cho
오주원,Ju-Won Oh
손승락,Seung-Lak Son
캘러웨이,Michael Christopher Mickey Callaway
김기남,Gi-Nam Kim
유한준,Han-Jun Yoo
이보근,Bo-Geun Lee
이상우,Sang-Woo Lee 
유덕형,Deok-Hyeong Yoo
강정호,Jung-Ho Kang
장태종,Tae-Jong Jang
조용훈,Young-Hun Cho
박민주,Min-Ju Park
황재균,Jae-Gyun Hwang
김남형,Nam-Hyung Kim
장시환,Si-Hwan Jang
유선정,Sun-Jung Yoo
권도영,Do-Young Kwon
조순권,Sun-Kwon Cho
김인식,In-Sik Kim
김용달,Yong-dal Kim
송영운,Yeong-Un Song
최정기,Jung-Ki Choi
이광권,Kwang-Kwon Lee
김봉기,Bong-Gi Kim
배수희,Su-Hui Bae
박석채,Seok-Chae Park
차준섭,Joon-Seop Cha 
유종겸,Jong-Kyum Yoo
김시철,Si-Chul Kim
박재천,Jae-Chun Park
김용운,Yong-Woon Kim
최정우,Jeong-Woo Choi
정순명,Soon-Myung Jung
신언호,Eon-Ho Shin
이광은,Kwang-Eun Lee
하기룡,Ki-Ryong Ha
김문영,Moon-young Kim
유성룡,Sung-Ryong Yoo
차동열,Dong-Yeol Cha
박철영,Cheol-Young Park
이원국,Won-Kuk Lee
이성수,Seong-Su Lee
신계석,Gye-Seok Shin
김경표,Kyung-pyo Kim
유제룡,Je-Ryong Yu
안언학,Un-Hak Ahn
박흥식,Heung-Sik Park
유지홍,Ji-Hong Yoo
유고웅,Go-Woong Yu
심재원,Jae-Won Sim
예병준,Byung-Jun Ye
김용수,Yong-Soo Kim
정삼흠,Sam-Heum Jung
민경삼,Kyung-Sam Min
김성수,Sung-Soo Kim
서효인,Hyo-In Seo
김태원,Tae-Won Kim
정태관,Tae-Gwan Jung
황윤태,Yoon-Tae Hwang
김영직,Young-Jik Kim
이승배,Seung-Bae Lee
양현기,Hyun-Gi Yang
조상헌,Sang-Heon Cho
이국성,Guk-Sung Lee
문병권,Byung-Kwon Moon 
유광진,Gwang-Jin Yu
강병선,Byung-Sun Kang
나웅,Woong Na
이승범,Seung-Beom Lee
김기범,Ki-Beom Kim
김덕근,Deok-Geun Kim
노찬엽,Chan-Yeup Noh
이재홍,Jae-Hong Lee
김기홍,Ki-Hong Kim
전태건,Tae-Geon Jeon
김선진,Sun-Jin Kim
김성재,Sung-Jae Kim
김종철,Jong-Chul Kim
조필현,Pil-Hyun Cho
김성일,Sung-Il Kim
최달호,Dal-Ho Choi
장주덕,Ju-Duk Jang
송구홍,Koo-Hong Song
이종열,Jong-Yeol Lee
이석구,Seok-Gu Lee
이우수,Woo-Soo Lee
최우석,Woo-Seok Choi
강진규,Jin-Kyu Kang
소순배,Soon-Bae So
구동환,Dong-Hwan Gu
오종우,Jong-Woo Oh
나진균,Jin-Kyun Na
김기덕,Gi-Duk Kim
배현우,Hyun-Woo Bae
서왕권,Wang-Kwon Seo
김성식,Sung-Sik Kim
박일현,Il-Hyun Park
김정준,Jung-Jun Kim
윤찬,Chan Yoon
민원기,Won-Ki Min
조만형,Man-Hyung Cho
차명석,Myung-Seok Cha
김상모,Sang-Mo Kim
김성기,Sung-Ki Kim
김유진,Yu-Jin Kim
조양근,Yang-Geun Cho
강봉수,Bong-Soo Kang
당신상,Shin-Sang Dang
최규하,Kyu-Ha Choi
김태민,Tae-Min Kim
조병일,Byung-Il Cho
류지현,Ji-Hyun Ryu
박재호,Jae-Ho Park
인현배,Hyun-Bae In
김도완,Do-Wahn Kim
허문회,Moon-Hoe Heo
박철홍,Chul-Hong Park
서용빈,Yong-Bin Seo
박창현,Chang-Hyun Park
최승민,Seung-Min Choi
전종화,Jong-Hwa Jeon
박노식,No-Sik Park
신국환,Guk-Hwan Shin
김상우,Sang-Woo Kim
이동우,Dong-Woo Lee
박은우,Eun-Woo Park
황대연,Dae-Yeon Hwang
오규택,Kyu-Taek Oh
김기진,Gi-Jin Kim
박재형,Jae-Hyung Park
강준기,Jun-Ki Kang
이호균,Ho-Kyun Lee
김정한,Jung-Han Kim
이병규,Byeong-Kyu Lee
김민기,Min-Gi Kim
임노병,Noh-Byung Im
전승남,Seung-Nam Jeon
윤인수,In-Soo Yoon
신영균,Young-Kyun Shin
신창수,Chang-Soo Shin
앤더슨,Michael Anderson
펠릭스,Junior Felix
이준용,Jun-Yong Lee
이기중,Ki-Joong Lee
이정길,Jung-Gil Lee
대톨라,Kevin Dattolla
김광삼,Kwang-Sam Kim
조재영,Jae-Young Cho
김상태,Sang-Tae Kim
김혁섭,Hyuk-Sub Kim
경헌호,Heon-Ho Kyeong 
테이텀,Jim Tatum
쿡슨,Brent Cookson
장준관,Jun-Kwan Jang
해리거,Denny Harriger
강민규,Min-Kyu Kang
박용진,Yong-Jin Park
이동현,Dong-Hyeon Lee
발데스,Efrain Valdez
로마이어,Daniel Rohrmeier
린튼,Doug Linton
김재학,Jae-Hak Kim
유재호,Jae-Ho Yoo
최인영,In-Young Choi
오태근,Tae-Geun Oh
이일의,Il-Eui Lee
박도현,Do-Hyeon Park
만자니오,Ravelo Manzanillo
케펜,Jeff Keppen
양승진,Seung-Jin Yang
이준명,Jun-Myung Lee
페타지니,Roberto Antonio Petagine
박용택,Yong-Taik Park
심재윤,Jae-Yoon Sim
전호영,Ho-Young Jeon
최성민,Seung-Min Choi
한희,Hee Han
추승우,Seong-Woo Choo
김수형,Soo-Hyung Kjim
안진근,Jin-Geun Ahn 
이창호,Chang-Ho Lee
곤잘레스,Édgar Gerardo González Elizondo
오카모토,OhKamoto SinYa
송윤준,Yoon-Joon Song
존슨,Jeremy Johnson
서승화,Seung-Hwa Seo
강창주,Chang-Ju Kang
송현우,Hyun-Woo Song
김창혁,Chang-Hyeok Kim
변시영,Si-Yeong Byun
김동영,Dong-yung Kim
이성진,Sung-Jin Lee
서성종,Seong-Jong Seo
바우어,Richard Edward Bauer
박경수,Kyeong-Su Park
박만채,Man-Chae Park
김광희,Kwang-Hee Kim
정재복,Jae-Bok Jung
김세중,Se-Joong Kim
김광우,Kwang-Woo Kim
김진유,Jin-Yu Kim
후타도,Edwin Amilgar Hurtado
쿠퍼,Brian Cooper
마틴,Albert Martin
장진용,Jin-Yong Jang
이시찬,Si-Chan Lee
이용규,Yong-Gyu Lee
심수창,Soo-Chang Sim
허용,Yong Heo
김회권,Hoi-Kwon Kim
강병우,Byoung-Woo Kang
손기현,Ki-Hyun Son
홍성용,Seong-Yong Hong
클리어,Louis Keith Collier
마테오,Ruben Mateo
이병규,Byung-Kyu Lee
박가람,Ga-Ram Park
원종현,Jong-Hyeon Won
김기표,Gi-Pyo Kim
베로커,Ryan Baerlocher
강상수,Sang-Soo Kang
윤동건,Dong-Geon Yoon
황선일,Sun-Il Hwang
텔레마코,Amaury Regalado Telemaco
여승현,Seung-Hyun Yeo
카라이어,Buddy Carlyle
박용근,Yong-Geun Park
손인호,In-Ho Son
최유건,Yu-Geon Choi
봉중근,Jung-Keun Bong
발데스,Pedro Valdes
옥스프링,Chris Oxspring
김준호,Jun-Ho Kim
이범준,Beom-Jun Lee
임도현,Do-Hyun Lim
이형종,Hyeong-Jong Lee
김용의,Yong-Eui Kim
박지철,Ji-Chul Park
정찬헌,Chan-Heon Jeong
박정훈,Jung-hun Park
오지환,Ji-Hwan Oh
최동환,Dong-Hwan Choi
정주현,Joo-Hyun Jeong
배우열,Woo-Yeol Bae
윤진호,Jin-Ho Yoon
전인환,In-Hwan Jeon
더마트레,Philip Anthony Dumatrait
신정락,Jung-Rak Shin
유경국,Kyung-Guk Yoo
배민관,Min-Kwan Bae
유강남,Kang-Nam Yoo
김재율,Jae-Yul Kim
유원상,Won-Sang Yoo
임찬규,Chan-Gyu Im
정다흰,Da-Huin Jeong
이우찬,Woo-Chan Lee
주키치,Benjamin Jukich
리즈,Radhamés Liz
이천웅,Cheon-Woong Lee
윤지웅,Ji-Woong Yoon
조윤준,Yun-Jun Cho
김웅,Woong Kim
최현종,Hyun-Jong Choi
나규호,Kyu-Ho Na
이장희,Jang-Hui Lee
서상우,Sang-Woo Seo
이민재,Min-Jae Lee
조근종,Kun-Chong Cho
류제국,Je-Kuk Ryu
김재민,Jae-Min Kim
백남원,Nam-Won Baek
배재준,Jae-Jun Bae
류원석,Won-Suk Ryu
박재욱,Jae-Wook Park
조쉬벨,Joshua Lee Josh Bell
한나한,Jack Hannahan
오세민,Se-Min Oh
스나이더,Brad Snyder
티포드,Everett James Teaford
채은성,Eun-Seong Chae
임지섭,Ji-Seop Lim
리오단,Cory S. Riordan
황목치승,Chi-Seung Hwangmok
히메네스,Luis Jimenez
장준원,Jun-Won Jang
안익훈,Ik-Hun Ahn
백승현,Seung-Hyun Baek
박지규,Ji-Gyu Park
루카스,Lucas Harrell
양원혁,Won-Hyeok Yang
강병의,Byeong-Ui Kang
조학진,Hak-Jin Cho
정규식,Gyu-Sik Jeong
박성준,Seong-Jun Park
허프,David Gregory Huff
윤수강,Soo-Kang Yoon
코프랜드,Scott Reast Copeland
홍창기,Chang-Ki Hong
김주성,Ju-Sung Kim
천원석,Won-Seok Cheon 
이동규,Dong-Kyu Lee
양효준,Hyo-Jun Yang
김호은,Ho-Eun Kim
김태영,Tae-Young Kim 
이정윤,Jung-Yoon Lee
로니,James Loney
이창율,Chang-Yeoul Lee
박부성,Bu-Seong Park
김성협,Sung-Hyup Kim 
오석주,Seok-Ju Oh
신경모,Kyung-Mo Shin
김광수,Gwang-Soo Kim 
가르시아,Adonis Garcia
김영준,Young-Jun Kim
윌슨,Tylor Wilson
윤형준,Hyeong-Jun Yoon
장시윤,Si-Yoon Jang
이강욱,Kang-Wook Lee
성동현,Dong-Hyun Sung
문성주,Sung-Ju Moon
이상규,Sang-Kyu Lee
류형우,Hyung-Woo Ryu
김의준,Eui-Jun Kim
송찬의,Chan-Eui Song
이나현,Na-Hyun Lee
최우혁,Woo-Hyuk Choi
한석현,Seok-Hyun Han
구본혁,Bon-Hyuk Koo
켈리,Casey Patrick Kelly
전민수,Min-Soo Jeon
김민성,Min-Sung Kim
이정용,Jung-Yong Yi
한선태,Seon-Tae Han
손주영,Joo-Young Son
조셉,Thomas Richard Joseph
강정현,Jung-Hyun Kang
정우영,Woo-Young Jeong
페게로,Carlos Peguero
이상영,Sang-Young Lee
강구성,Gu-Seong Kang
문보경,Bo-Gyeong Moon
김성진,Seong-Jin Kim
이지강,Ji-Kang Lee
임준형,Jun-Hyung Lim
라모스,Roberto Ramos Vallesteros
손호영,Ho-Young Son
김윤식,Yun-Sik Kim
성재헌,Jae-Heon Sung
이주형,Ju-Hyeong Lee
강민,Min Kang
유영찬,Young-Chan Yoo
하영진,Young-Jin Ha
함창건,Chang-Geon Ham
이정우,Jung-Woo Lee
조용근,Yong-Geun Cho
김수인,Su-In Kim
이영빈,Young-Bin Lee
이상호,Sang-Ho Lee
수아레즈,Andrew Jose Suarez
강효종,Hyo-Jong Kang
보어,Justin James Bour
김진수,Jin-Su Kim
조건희,Geon-Hee Cho 
이믿음,Mit-Eum Lee
김형욱,Hyung-Wook Kim
김유민,Yu-Min Kim
김단우,Dan-Woo	 Kim
송승기,Seung-Gi Song
루이즈,Rio Noble Ruiz
가르시아,Robel García
플럿코,Adam Gregory Plutko
조원태,Won-Tae Cho
최용하,Yong-Ha Choi 
허준혁,Jun-Hyeok Heo
이지훈,Ji-Hoon Lee
최원영,Won-Young Choi 
김성우,Sung-Woo Kim
문정빈,Jeong-Bin Moon 
양진혁,Jin-Heok Yang
엄태경,Eom Tae-Kyoung
김유영,Yu-Young Kim
오스틴,Austin James Dean
윤호솔,Ho-Sol Yoon
박명근,Myeong-Geun Park
김범석,Beom-Seok Kim
최원태,Won-Tae Choi
이준서,Jun-Seo Lee
송대현,Dae-Hyeon Song
권동혁,Dong-Hyeok Kwon
원상훈,Sang-Hoon Won
임정균,Jeong-Gyun Lim
허용주,Heo Yong-Joo
이철민,Chol-Min Lee
곽민호,Min-Ho Kwak
강민균,Min-Gyun Kang
에르난데스,Elieser Hernández
엔스,Dietrich Arthur Enns
이종준,Jong-Jun Lee
진우영,Woo-young Jin
정지헌,Ji-heon Jung
김민수,Min-Su Kim
손용준,Yong-jun Son
최명경,Myeong-Kyung Choi
우강훈,Kang-Hoon Woo
김대원,Dae-won Kim
김현종,Hyun-jong Kim
김종우,Jong-woo Kim
강석현,Seok-hyeon Kang
오승윤,Seung-Yoon Oh
김도윤,Do-yun Kim
심규빈,Kyu-bin Sim
이태겸,Tae-Gyeom Lee
한지용,Ji-Yong Han
백선기,Seon-Ki Baek
배강,Gang Bae
전진영,Jin-Yeong Jeon
정학수,Hak-Soo Jung
이성득,Sung-Deuk Lee
노상수,Sang-Soo No
김용희,Yong-Heui Kim
박용성,Yong-Sung Park
이윤섭,Yoon-Sub Lee
최순하,Soon-Ha Choi
최옥규,Ok-Kyu Choi
김문희,Moon-Hee Kim
김성관,Sung-Kwan Kim
방기만,Ki-Man Bang
한문연,Moon-Yeon Han
김종근,Jong-Geun Kim
박영태,Young-Tae Park
유두열,Doo-Yeol Yoo
김석일,Seok-Il Kim
박덕용,Duk-Yong Park
김재열,Jae-Yeol Kim
조성옥,Sung-Ok Cho
이석규,Seog-Kyu Lee
안창완,Chang-Wahn An
조용철,Yong-Chul Cho
정인교,In-Kyo Jung
이동완,Dong-Wahn Lee
박동수,Dong-Soo Park
한영준,Young-Jun Han
김정행,Jung-Haeng Kim
박희찬,Hee-Chan Park
임경택,Kyung-Taek Im
윤학길,Hak-Gil Yoon
최계영,Gye-Young Choi
이재성,Jae-Sung Lee
정국헌,Guk-Heon Jung
박태호,Tae-Ho Park
구명근,Myung-Geun Gu
고정식,Jung-Sik Ko
김응국,Eung-Guk Kim
차영석,Young-Seok Cha
서정용,Jung-Yong Seo
정종헌,Jong-Heon Jung
추상완,Sang-Wahn Chu
이종운,Jong-Woon Lee
김청수,Chung-Soo Kim
서호진,Ho-Jin Seo
김선일,Sun-Il Kim
윤동배,Dong-Bae Yoon
이상번,Sang-Beon Lee
현남수,Nam-Soo Hyun
김창기,Chang-Ki Kim
안명호,Myung-Ho An
이동채,Dong-Chae Lee
김병수,Byung-Soo Kim
손길호,Gil-Ho Son
공필성,Pil-Sung Gong
유충돌,Chung-Dol Yoo
전봉석,Bong-Seok Jeon
강민기,Min-Ki Kang
이지환,Ji-Hwan Lee
전호근,Ho-Geun Jeon
김성철,Sung-Chul Kim
김효용,Hyo-Yong Kim
박정태,Jung-Tae Park
김태형,Tae-Hyung Kim
강현철,Hyun-Chul Kang
배숙현,Sook-Hyun Bae
이태환,Tae-Hwan Lee
곽재성,Jae-Sung Kwak
김미호,Mi-Ho Kim
김상현,Sang-Hyun Kim
김행희,Haeng-Hee Kim
이요섭,Yo-Sub Lee
윤형배,Hyung-Bae Yoon
정호진,Ho-Jin Jung
박지환,Ji-Hwan Park
염종석,Jong-Seok Yeom
박기복,Ki-Bok Park
권재광,Jae-Kwang Kwon
송태일,Tae-Il Song
조규철,Kyu-Chul Cho
김경환,Kyung-Hwan Kim
고성범,Sung-Beom-Ko
박태웅,Tae-Woong Park
한성곤,Sung-Gon Han
윤민철,Min-Chul Yoon
홍순기,Soon-Ki Hong
임수혁,Soo-Hyeok Im
김상재,Sang-Jae Kim
주형광,Hyung-Kwang Joo
김영일,Young-Il Kim
김옥일,Ok-Il Kim
박현승,Hyun-Seung Park
양종성,Jong-Sung Yang
장승익,Seung-Ik Jang
박종일,Jong-Il Park
박부성,Bu-Sung Park
이재섭,Jae-Sub Lee
배정훈,Jung-Hoon Bae
나광호,Kwang-Ho Na
조유신,Yu-Shin Cho
문재성,Jae-Sung Moon
이영주,Young-Ju Lee
임봉춘,Bong-Chun Lim
강대호,Dae-Ho Kang
홍의현,Eui-Hyun Hong
손민한,Min-Han Son
문동환,Dong-Hwan Moon
브래디,Doug Brady
박성기,Sung-Ki Park
김정열,Jung-Yeol Kim
차정국,Jung-Guk Cha
정진식,Jin-Sik Jung
김무성,Moo-Sung Kim
호세,Felix Jose
정원욱,Won-Uk Jung
길포일,Michael Guilfoyle
조성환,Sung-Hwan Cho
박경진,Kyung-Jin Park
기론,Emiliano Giron
김사율,Sa-Yul Kim
박효순,Hyo-Soon Park
우드,Ted Wood
강민영,Min-Young Kang
화이트,Derrick White
박창원,Chang-Won Park
전영삼,Young-Sam Jeon
박기혁,Ki-Hyeok Park
이우민,Woo-Min Lee
김제빈,Je-Bin Kim
권오현,Oh-Hyun Kwon
이대일,Dae-Il Lee
레이,Raymond Davis
얀,Julian Yan
이대호,Dae-Ho Lee
김장현,Jang-Hyun Kim
박상민,Sang-Min Park
백왕중,Wang-jung Baek
이인구,In-Koo Lee
정태승,Tae-Seung Jung
최혁권,Hyuk-Kwon Choi
김유신,Yu-Shin Kim
나승현,Seung-Hyun Na
이정동,Jung-Dong Lee
양성제,Seong-Jae Yang
서정호,Jung-Ho Seo
박종윤,Jong-Yoon Park
이명우,Myung-Woo Lee
조정훈,Jung-Hoon Cho
황성웅,Hwang Sung-woong
김근호,Keun-Ho Kim
박휘성,Hwi-Sung Park
베로아,Geronimo Berroa
홍재영,Hong Jae-young
문규현,Kyu-Hyun Moon
유정민,Jung-Min Yoo
김정현,Jung-Hyun Kim
이현준,Hyun-Jun Lee
김휘곤,Hwi-Gon Kim
이웅한,Woong-Han Lee
이정민,Jung-Min Lee
해처,Chris Hatcher
김풍철,Poong-Chul Kim
신원주,Won-Ju Shin
민경수,Gyung-Soo Min
양동운,Dong-woon Yang
신원재,Won-Jae Shin
변인재,In-Jae Byun
고도현,Do-Hyun Ko
양대원,Dae-Won Yang
장국헌,Guk-Heon Jang
허일,Il Heo
사도스키,Ryan Keith Sadowski
애킨스,Jonathan Scott Adkins
부첵,Christopher Brandon Bootcheck
문양식,Yang-sik Moon
정보명,Bo-Myung Jung
보이,Boi Rodriguez
조효상,Hyo-Sang Cho
이시온,Mario González Encarnación
김영화,Young-Hwa Kim
페레즈,Roberto Perez
손용수,Yong-Soo Son
김만윤,Man-Yoon Kim
김수화,Soo-Hwa Kim
라이온,Ryan Jackson
허준혁,Jun-Hyuk Heo
황이갑,Yi-Gab Hwang
성민국,Min-Guk Sung
박진환,Jin-Hwan Park
조인신,In-Shin Cho
권민성,Min-Sung Kwon
펠로우,Kit Pellow
황준영,Jun-Young Hwang
김문호,Moon-Ho Kim
마이로우,Brian Myrow
손용석,Yong-Seok Son
존갈,John Gall
배장호,Jang-Ho Bae
황동채,Dong-Chae Hwang
김정환,Jung-Hwan Kim
리오스,Eduardo Rios
홍유택,Yu-Taek Hong
손아섭,Ah-Sub Son
김일엽,Il-Yeop Kim
이창석,Chang-Seok Lee
이재곤,Jae-Gon Lee
송승준,Seung-Jun Song
전준우,Jun-Woo Jeon
하준호,Jun-Ho Ha
코르테스,David Cárdenas Cortés
박시영,Si-Young Park
황진수,Jin-Soo Hwang
매클레리,Marty McLeary
가르시아,Gustavo Karim García Aguayo
장성우,Sung-Woo Jang
정훈,Hoon Jung
