name_eng_x,date_of_birth,url_x,name_new,name_kor,name_eng_y,url_y
,2005-01-26,,an seok jeong,정안석,An-seok Jeong,https://statiz.sporki.com/player/?m=playerinfo&p_no=16109
,1995-05-13,,beom jeong lee,이범정,Beom-Jung Lee,https://statiz.sporki.com/player/?m=playerinfo&p_no=13234
,1997-09-18,,beom jun cho,조범준,Beom-Jun Jo,https://statiz.sporki.com/player/?m=playerinfo&p_no=14677
,2000-09-30,,beom jun kim,김범준,Beom-Jun Kim,https://statiz.sporki.com/player/?m=playerinfo&p_no=14710
,2002-06-01,,beom jun shin,신범준,Beom-Jun Shin,https://statiz.sporki.com/player/?m=playerinfo&p_no=14774
,1997-04-05,,beop su kwon,권법수,Beop-Su Kwon,https://statiz.sporki.com/player/?m=playerinfo&p_no=12904
,1999-07-10,,bin jang,장빈,Bin Jang,https://statiz.sporki.com/player/?m=playerinfo&p_no=14837
,2000-04-03,,bo woong cheon,천보웅,Bo-Woong Cheon,https://statiz.sporki.com/player/?m=playerinfo&p_no=15430
,1997-06-17,,boo seong park,박부성,Bu-Seong Park,https://statiz.sporki.com/player/?m=playerinfo&p_no=12912
,1990-03-31,,byeong geol woo,우병걸,Byeong-Geol Woo,https://statiz.sporki.com/player/?m=playerinfo&p_no=10700
,1997-01-29,,byeong hoon lee,이병훈,Byung-Hun Lee,https://statiz.sporki.com/player/?m=playerinfo&p_no=12581
,1995-01-17,,byeong hoon noh,노병훈,Byung-Hoon Noh,https://statiz.sporki.com/player/?m=playerinfo&p_no=13254
,1991-10-01,,byeong hoon park,박병훈,Byung-Hoon Park,https://statiz.sporki.com/player/?m=playerinfo&p_no=11221
,1994-05-31,,byeong jae kim,김병재,Byung-Jae Kim,https://statiz.sporki.com/player/?m=playerinfo&p_no=13263
,1968-06-23,,byeong joo kim,김병주,Byung-Joo Kim,https://statiz.sporki.com/player/?m=playerinfo&p_no=11429
,2002-05-28,,byeong jun lee,이병준,Byung-Jun Lee,https://statiz.sporki.com/player/?m=playerinfo&p_no=14817
,1993-07-07,,byeong keun kim,김병근,Byung-Keun Kim,https://statiz.sporki.com/player/?m=playerinfo&p_no=10912
,1999-08-13,,byeong kyu cho,조병규,Byung-Gyu Cho,https://statiz.sporki.com/player/?m=playerinfo&p_no=13098
,1998-04-27,,byeong moo kang,강병무,Byung-Moo Kang,https://statiz.sporki.com/player/?m=playerinfo&p_no=12896
,1994-08-04,,byeong seon kwak,곽병선,Byung-seon Kwak,https://statiz.sporki.com/player/?m=playerinfo&p_no=13238
,2005-09-12,,byeong sun ryu,유병선,BYUNG-SUN RYU,https://statiz.sporki.com/player/?m=playerinfo&p_no=15873
,2003-12-12,,byeong woo kang,강병우,Byung-Woo Kang,https://statiz.sporki.com/player/?m=playerinfo&p_no=15059
,1992-07-23,,byeong woo park,박병우,Byeong-u Park,https://statiz.sporki.com/player/?m=playerinfo&p_no=10769
,2004-11-20,,chae wool park,박채울,Chae-wool Park,https://statiz.sporki.com/player/?m=playerinfo&p_no=16132
,1997-07-23,,chan beom park,박찬범,Chan-Beom Park,https://statiz.sporki.com/player/?m=playerinfo&p_no=12895
,1993-10-06,,chan ho ahn,안찬호,Chan-Ho An,https://statiz.sporki.com/player/?m=playerinfo&p_no=14834
,2001-01-03,,chan ho park,박찬호,Chan-Ho Park,https://statiz.sporki.com/player/?m=playerinfo&p_no=14665
,2001-01-19,,chan hyi park,박찬희,Chan-Hee Park,https://statiz.sporki.com/player/?m=playerinfo&p_no=15621
,1993-05-16,,chan ki lee,이찬기,Chan-Gi Lee,https://statiz.sporki.com/player/?m=playerinfo&p_no=12610
,1993-01-29,,chan kyun kim,김찬균,Chan-Gyun Kim,https://statiz.sporki.com/player/?m=playerinfo&p_no=12586
,2003-09-13,,chan min kim,김찬민,Chan-Min Kim,https://statiz.sporki.com/player/?m=playerinfo&p_no=15060
,1990-08-08,,chan park,박찬,Chan Park,https://statiz.sporki.com/player/?m=playerinfo&p_no=11074
,1997-04-17,,chan seok lee,이찬석,Chan-Suk Lee,https://statiz.sporki.com/player/?m=playerinfo&p_no=12632
,1999-07-07,,chang ho ahn,안창호,Chang-Ho An,https://statiz.sporki.com/player/?m=playerinfo&p_no=14878
,1987-03-09,,chang ho lee,이창호,Chang-Ho Lee,https://statiz.sporki.com/player/?m=playerinfo&p_no=11140
,1997-07-07,,chang hyeon song,송창현,Chang-Hyeon Song,https://statiz.sporki.com/player/?m=playerinfo&p_no=12883
,1996-04-10,,chang hyi shin,신창희,Chang-Hee Shin,https://statiz.sporki.com/player/?m=playerinfo&p_no=12608
,1985-07-27,,chang joo kang,강창주,Chang-Ju Kang,https://statiz.sporki.com/player/?m=playerinfo&p_no=10496
,1995-12-16,,chang yeob lee,이창엽,Chang-Yeop Lee,https://statiz.sporki.com/player/?m=playerinfo&p_no=13176
,1998-10-16,,chang yeoul lee,이창율,Chang-Yeoul Lee,https://statiz.sporki.com/player/?m=playerinfo&p_no=12910
,1996-07-09,,chang yong kim,김창용,Chang-yong Kim,https://statiz.sporki.com/player/?m=playerinfo&p_no=14184
,1992-01-31,,cheol eon shin,신철언,Cheol-Eon Shin,https://statiz.sporki.com/player/?m=playerinfo&p_no=13433
,1987-04-23,,cheol min hyun,현철민,Chul-Min Hyun,https://statiz.sporki.com/player/?m=playerinfo&p_no=10802
,1990-05-13,,cheon soo choi,최천수,Cheon-Soo Choi,https://statiz.sporki.com/player/?m=playerinfo&p_no=10316
,2004-02-22,,chol min lee,이철민,Chol-Min Lee,https://statiz.sporki.com/player/?m=playerinfo&p_no=15493
,2003-12-25,,choong hyi han,한충희,Choong-Hee Han,https://statiz.sporki.com/player/?m=playerinfo&p_no=15513
,1996-06-26,,chung hyeon lee,이청현,Chung-Hyun Lee,https://statiz.sporki.com/player/?m=playerinfo&p_no=14207
,1992-12-15,,da huin jeong,정다흰,Da-Huin Jeong,https://statiz.sporki.com/player/?m=playerinfo&p_no=10751
,1992-04-03,,dae han jang,장대한,Dae-han Jang,https://statiz.sporki.com/player/?m=playerinfo&p_no=12982
,2000-10-16,,dae han kim,김대한,Dae-han Kim,https://statiz.sporki.com/player/?m=playerinfo&p_no=14683
,1999-06-26,,dae hyeok jeong,정대혁,Dae-Hyeok Jung,https://statiz.sporki.com/player/?m=playerinfo&p_no=14995
,2005-02-19,,dae hyeon cho,조대현,Dae-hyun Jo,https://statiz.sporki.com/player/?m=playerinfo&p_no=16077
,1998-01-13,,dae hyeon kim,김대현,Dae-Hyeon Kim,https://statiz.sporki.com/player/?m=playerinfo&p_no=14883
,2003-11-15,,dae hyeon kim,김대현,Dae-Hyun Kim,https://statiz.sporki.com/player/?m=playerinfo&p_no=16104
,1994-01-24,,dae kyeom han,한대겸,Dae-Gyeom Han,https://statiz.sporki.com/player/?m=playerinfo&p_no=13226
,2002-04-22,,dae myeong park,박대명,Dae-Myung Park,https://statiz.sporki.com/player/?m=playerinfo&p_no=14821
,1985-04-26,,dae won yang,양대원,Dae-Won Yang,https://statiz.sporki.com/player/?m=playerinfo&p_no=10829
,1983-06-13,,dae yoo kim,김대유,Dae-Yoo Kim,https://statiz.sporki.com/player/?m=playerinfo&p_no=10426
,1992-11-06,,dal hwan kim,김달환,Dal-Hwan Kim,https://statiz.sporki.com/player/?m=playerinfo&p_no=13231
,2001-01-05,,dan woo	 kim,김단우,Dan-Woo	 Kim,https://statiz.sporki.com/player/?m=playerinfo&p_no=14841
,1998-01-05,,deok hyeon jeong,정덕현,Deok-Hyun Jung,https://statiz.sporki.com/player/?m=playerinfo&p_no=12607
,2003-03-07,,do hoon kang,강도훈,Do-Hoon Kang,https://statiz.sporki.com/player/?m=playerinfo&p_no=15041
,1990-02-23,,do hwan kim,김도환,Do-Hwan Kim,https://statiz.sporki.com/player/?m=playerinfo&p_no=13188
,1999-09-10,,do hwan kim,김도환,Do-Hwan Kim,https://statiz.sporki.com/player/?m=playerinfo&p_no=14672
,1997-10-09,,do hyeok lim,임도혁,Do-Hyuk Lim,https://statiz.sporki.com/player/?m=playerinfo&p_no=12576
,2003-05-24,,do hyeon kim,김도현,Do-Hyun Kim,https://statiz.sporki.com/player/?m=playerinfo&p_no=15025
,1995-04-11,,do hyeon lee,이도현,Do-Hyun Lee,https://statiz.sporki.com/player/?m=playerinfo&p_no=13252
,2005-01-07,,do hyeon lee,이도현,Do-Hyun Lee,https://statiz.sporki.com/player/?m=playerinfo&p_no=15437
,1997-07-19,,do kyeong kim,김도경,Do-Kyung Kim,https://statiz.sporki.com/player/?m=playerinfo&p_no=14886
,1999-11-23,,do ryeol baek,백도렬,Do-Ryeol Baek,https://statiz.sporki.com/player/?m=playerinfo&p_no=15062
,2004-04-03,,do wol kim,김도월,Do-Wol Kim,https://statiz.sporki.com/player/?m=playerinfo&p_no=15439
,1995-12-22,,do won ahn,안도원,Do-Won Ahn,https://statiz.sporki.com/player/?m=playerinfo&p_no=13258
,2001-04-03,,do woong jeong,정도웅,Do-Woong Jung,https://statiz.sporki.com/player/?m=playerinfo&p_no=14628
,1986-01-17,,do yoon lee,이도윤,Do-Yoon Lee,https://statiz.sporki.com/player/?m=playerinfo&p_no=13280
,2005-02-17,,do yun kim,김도윤,Do-yun Kim,https://statiz.sporki.com/player/?m=playerinfo&p_no=16021
,1991-11-07,,dong bin kim,김동빈,Dong-Bin Kim,https://statiz.sporki.com/player/?m=playerinfo&p_no=10549
,1999-04-12,,dong chan kim,김동찬,Dong-Chan Kim,https://statiz.sporki.com/player/?m=playerinfo&p_no=13257
,1993-06-18,,dong hoon han,한동훈,Dong-Hoon Han,https://statiz.sporki.com/player/?m=playerinfo&p_no=10799
,2000-11-23,,dong hoon kang,강동훈,Dong-hoon Kang,https://statiz.sporki.com/player/?m=playerinfo&p_no=16080
,1992-06-27,,dong hoon lee,이동훈,Dong-hun Lee,https://statiz.sporki.com/player/?m=playerinfo&p_no=10899
,2003-03-20,,dong hyeok kwon,권동혁,Dong-Hyeok Kwon,https://statiz.sporki.com/player/?m=playerinfo&p_no=15490
,2000-03-25,,dong hyeok park,박동혁,Dong-Hyuk Park,https://statiz.sporki.com/player/?m=playerinfo&p_no=14700
,1984-04-16,,dong hyeon cho,조동현,Dong-Hyeon Cho,https://statiz.sporki.com/player/?m=playerinfo&p_no=10073
,2001-05-25,,dong hyeon kim,김동현,DONG-HYUN KIM,https://statiz.sporki.com/player/?m=playerinfo&p_no=15874
,2001-08-12,,dong hyeon kwon,권동현,Dong-hyun Kwon,https://statiz.sporki.com/player/?m=playerinfo&p_no=14814
,1999-12-07,,dong hyeong kang,강동형,Dong-Hyeong Kang,https://statiz.sporki.com/player/?m=playerinfo&p_no=15106
,2003-07-26,,dong hyi choi,최동희,Dong-Hee Choi,https://statiz.sporki.com/player/?m=playerinfo&p_no=15094
,1985-04-08,,dong il yang,양동일,Dong-Yil Yang,https://statiz.sporki.com/player/?m=playerinfo&p_no=10057
,2002-09-04,,dong jun kim,김동준,Dong-Jun Kim,https://statiz.sporki.com/player/?m=playerinfo&p_no=15100
,1993-09-23,,dong keon lee,이동건,Dong-Geon Lee,https://statiz.sporki.com/player/?m=playerinfo&p_no=14887
,1992-03-24,,dong keun lee,이동근,Donk-Keun Lee,https://statiz.sporki.com/player/?m=playerinfo&p_no=13192
,1999-08-10,,dong kwan lee,이동관,Dong-Kwan Lee,https://statiz.sporki.com/player/?m=playerinfo&p_no=15617
,1999-09-29,,dong kwon kang,강동권,Dong-Gwon Kang,https://statiz.sporki.com/player/?m=playerinfo&p_no=13132
,1999-04-08,,dong kyu kim,김동규,Dong-Gyu Kim,https://statiz.sporki.com/player/?m=playerinfo&p_no=14165
,1997-05-08,,dong kyu lee,이동규,Dong-Kyu Lee,https://statiz.sporki.com/player/?m=playerinfo&p_no=12553
,1989-10-09,,dong kyu shin,신동규,Dong-Kyu Shin,https://statiz.sporki.com/player/?m=playerinfo&p_no=10896
,1992-08-02,,dong min park,박동민,Dong-Min Park,https://statiz.sporki.com/player/?m=playerinfo&p_no=12520
,1996-04-29,,dong min shin,신동민,Dong-Min Shin,https://statiz.sporki.com/player/?m=playerinfo&p_no=13272
,2001-06-08,,dong su shin,신동수,Dong-Su Shin,https://statiz.sporki.com/player/?m=playerinfo&p_no=14696
,1988-06-21,,dong woo jang,장동우,Dong-Woo Jang,https://statiz.sporki.com/player/?m=playerinfo&p_no=11176
,1995-07-27,,dong wook jeong,정동욱,Dong-Wook Jeong,https://statiz.sporki.com/player/?m=playerinfo&p_no=13101
,1999-03-08,,dong wook kim,김동욱,Dong-wook Kim,https://statiz.sporki.com/player/?m=playerinfo&p_no=15136
,2001-01-18,,dong wook kwon,권동욱,Dong-wook Kwon,https://statiz.sporki.com/player/?m=playerinfo&p_no=16117
,2004-02-26,,dong wook seo,서동욱,Dong-Wook Seo,https://statiz.sporki.com/player/?m=playerinfo&p_no=15458
,1996-04-18,,dong wook song,송동욱,Dong-Uk Song,https://statiz.sporki.com/player/?m=playerinfo&p_no=13283
,1991-05-15,,dong woon yang,양동운,Dong-woon Yang,https://statiz.sporki.com/player/?m=playerinfo&p_no=10738
,2002-11-01,,dong yeong cha,차동영,Dong-Young Cha,https://statiz.sporki.com/player/?m=playerinfo&p_no=15037
,1989-08-08,,dong yeong kim,김동영,Dong-yung Kim,https://statiz.sporki.com/player/?m=playerinfo&p_no=11179
,1989-03-06,,doo san jeong,정두산,Du-San Jeong,https://statiz.sporki.com/player/?m=playerinfo&p_no=12674
,1991-01-24,,enny manuel romero hernandez,로메로,Enny Manuel Romero Hernandez,https://statiz.sporki.com/player/?m=playerinfo&p_no=15529
,2002-04-06,,eui jun hwang,황의준,Ui-Jun Hwang,https://statiz.sporki.com/player/?m=playerinfo&p_no=15524
,1999-10-16,,eui jun kim,김의준,Eui-Jun Kim,https://statiz.sporki.com/player/?m=playerinfo&p_no=13108
,1993-09-01,,eui seo moon,문의서,Ui-Seo Moon,https://statiz.sporki.com/player/?m=playerinfo&p_no=10858
,2001-04-01,,eun cho,조은,Eun Cho,https://statiz.sporki.com/player/?m=playerinfo&p_no=14810
,1995-02-10,,eun hyeong lee,이은형,Eun-Hyung Lee,https://statiz.sporki.com/player/?m=playerinfo&p_no=13243
,1993-10-11,,eun seok jeon,전은석,Eun-Seok Jeon,https://statiz.sporki.com/player/?m=playerinfo&p_no=10818
,1997-08-01,,eung soo kim,김응수,Eung-Soo Kim,https://statiz.sporki.com/player/?m=playerinfo&p_no=12635
,1992-10-29,,gong yeob sa,사공엽,Gong-Yeop Sa,https://statiz.sporki.com/player/?m=playerinfo&p_no=11385
,2002-03-13,,gyoo dae kim,김규대,Gyoo-Dae Kim,https://statiz.sporki.com/player/?m=playerinfo&p_no=14884
,1997-07-22,,ha seong ryu,류하성,Ha-Seong Ryu,https://statiz.sporki.com/player/?m=playerinfo&p_no=15130
,2005-10-30,,ha won jeon,전하원,Ha-Won Jeon,https://statiz.sporki.com/player/?m=playerinfo&p_no=16098
,2004-05-25,,hae chan kim,김해찬,Hae-Chan Kim,https://statiz.sporki.com/player/?m=playerinfo&p_no=15425
,2004-05-21,,hae won jeong,정해원,Hae-Won Jung,https://statiz.sporki.com/player/?m=playerinfo&p_no=15433
,1989-05-05,,hae woong ha,하해웅,Hae-Woong Ha,https://statiz.sporki.com/player/?m=playerinfo&p_no=11127
,1995-06-10,,hak jin cho,조학진,Hak-Jin Cho,https://statiz.sporki.com/player/?m=playerinfo&p_no=11350
,2000-12-12,,hak jin shin,신학진,Hak-Jin Shin,https://statiz.sporki.com/player/?m=playerinfo&p_no=14637
,1999-05-04,,hak jun noh,노학준,Hak-Jun Noh,https://statiz.sporki.com/player/?m=playerinfo&p_no=13677
,2005-08-23,,han bin so,소한빈,Han-bin So,https://statiz.sporki.com/player/?m=playerinfo&p_no=16097
,1997-09-03,,han byul kim,김한별,Han-Byul Kim,https://statiz.sporki.com/player/?m=playerinfo&p_no=12620
,2003-08-25,,han lee,이한,Han Lee,https://statiz.sporki.com/player/?m=playerinfo&p_no=15114
,1984-05-23,,han sang kim,김한상,Han-Sang Kim,https://statiz.sporki.com/player/?m=playerinfo&p_no=11466
,1995-04-22,,han sol kim,김한솔,Han-Sol Kim,https://statiz.sporki.com/player/?m=playerinfo&p_no=13225
,2002-06-08,,han wool joo,주한울,Han-Wool Joo,https://statiz.sporki.com/player/?m=playerinfo&p_no=14802
,2004-05-18,,heon seong byeon,변헌성,Heon-Sung Byun,https://statiz.sporki.com/player/?m=playerinfo&p_no=15481
,1995-12-23,,heung jin oh,오흥진,Heung-Jin Oh,https://statiz.sporki.com/player/?m=playerinfo&p_no=13256
,2000-06-11,,ho hyeon lee,이호현,Ho-Hyun Lee,https://statiz.sporki.com/player/?m=playerinfo&p_no=14185
,1997-07-23,,ho jun seok,석호준,Ho-Jun Seok,https://statiz.sporki.com/player/?m=playerinfo&p_no=14691
,2004-10-21,,ho jun shin,신호준,Ho-jun Shin,https://statiz.sporki.com/player/?m=playerinfo&p_no=16031
,1994-05-01,,ho min kim,김호민,Ho-Min Kim,https://statiz.sporki.com/player/?m=playerinfo&p_no=12899
,1999-05-11,,ho sik yoo,유호식,Ho-Sik Yu,https://statiz.sporki.com/player/?m=playerinfo&p_no=13127
,2000-11-07,,ho won sohn,손호원,Ho-Won Sohn,https://statiz.sporki.com/player/?m=playerinfo&p_no=15642
,2004-11-17,,ho yeol lee,이호열,Ho-Yeol Lee,https://statiz.sporki.com/player/?m=playerinfo&p_no=15480
,1992-03-09,,ho yeon kim,김호연,Ho-Yeon Kim,https://statiz.sporki.com/player/?m=playerinfo&p_no=12967
,1994-01-05,,ho yeong jeon,전호영,Ho-Young Jeon,https://statiz.sporki.com/player/?m=playerinfo&p_no=10857
,1995-07-13,,hoon ho kim,김훈호,Hoon-Ho Kim,https://statiz.sporki.com/player/?m=playerinfo&p_no=11391
,1996-10-19,,hoon lee,이훈,Hun Lee,https://statiz.sporki.com/player/?m=playerinfo&p_no=11362
,1991-06-18,,hwa rang park,박화랑,Hwa-Rang Park,https://statiz.sporki.com/player/?m=playerinfo&p_no=10875
,1993-05-07,,hwa yeong kang,강화영,Hwa-Yeong Kang,https://statiz.sporki.com/player/?m=playerinfo&p_no=10886
,1991-05-15,,hwang koo,구황,Hwang Gu,https://statiz.sporki.com/player/?m=playerinfo&p_no=13262
,1991-02-26,,hwi bong yoo,유휘봉,Hwi-Bong Yoo,https://statiz.sporki.com/player/?m=playerinfo&p_no=10033
,2005-08-27,,hwi keon kim,김휘건,Hwi-geon Kim,https://statiz.sporki.com/player/?m=playerinfo&p_no=16052
,1992-06-01,,hwi seong park,박휘성,Hwi-Sung Park,https://statiz.sporki.com/player/?m=playerinfo&p_no=10827
,1997-02-17,,hye seong cha,차혜성,Hye-Sung Cha,https://statiz.sporki.com/player/?m=playerinfo&p_no=14641
,2003-06-09,,hye seong ha,하혜성,Hye-Seong Ha,https://statiz.sporki.com/player/?m=playerinfo&p_no=15050
,1998-08-02,,hyeok chan kwon,권혁찬,Hyeok-Chan Kwon,https://statiz.sporki.com/player/?m=playerinfo&p_no=14860
,1994-07-18,,hyeok jin jeong,정혁진,Hyeok-Jin Jung,https://statiz.sporki.com/player/?m=playerinfo&p_no=11093
,1992-07-01,,hyeok park,박혁,Hyuk Park,https://statiz.sporki.com/player/?m=playerinfo&p_no=13187
,1991-05-08,,hyeon cheol ryu,류현철,Hyeon-Cheol Ryu,https://statiz.sporki.com/player/?m=playerinfo&p_no=11258
,1998-02-25,,hyeon deok cho,조현덕,Hyun-Duk Cho,https://statiz.sporki.com/player/?m=playerinfo&p_no=12888
,2004-11-10,,hyeon gon ryu,류현곤,Hyun-Gon Ryu,https://statiz.sporki.com/player/?m=playerinfo&p_no=15468
,1999-04-20,,hyeon ho bae,배현호,Hyun-Ho Bae,https://statiz.sporki.com/player/?m=playerinfo&p_no=13095
,1999-07-05,,hyeon jae cheon,천현재,Hyeon-Jae Cheon,https://statiz.sporki.com/player/?m=playerinfo&p_no=15128
,1999-04-29,,hyeon je song,송현제,Hyeon-Je Song,https://statiz.sporki.com/player/?m=playerinfo&p_no=15098
,2002-01-03,,hyeon jin yang,양현진,Hyun-Jin Yang,https://statiz.sporki.com/player/?m=playerinfo&p_no=14840
,1999-06-10,,hyeon jong baek,백현종,Hyun-jong Baek,https://statiz.sporki.com/player/?m=playerinfo&p_no=14673
,2000-05-22,,hyeon jong kim,김현종,Hyun-Jong Kim,https://statiz.sporki.com/player/?m=playerinfo&p_no=14638
,1999-04-05,,hyeon jun choi,최현준,Hyun-Jun Choi,https://statiz.sporki.com/player/?m=playerinfo&p_no=13105
,1999-09-22,,hyeon jun choi,최현준,Hyun-Jun Choi,https://statiz.sporki.com/player/?m=playerinfo&p_no=15142
,1991-05-12,,hyeon jun lee,이현준,Hyun-Jun Lee,https://statiz.sporki.com/player/?m=playerinfo&p_no=10297
,2001-04-20,,hyeon jun lee,이현준,HYEON-JUN LEE,https://statiz.sporki.com/player/?m=playerinfo&p_no=15870
,1999-01-15,,hyeon kim,김현,Hyun Kim,https://statiz.sporki.com/player/?m=playerinfo&p_no=13150
,2005-02-23,,hyeon kwon,권현,Hyeon Kwon,https://statiz.sporki.com/player/?m=playerinfo&p_no=16115
,2005-03-23,,hyeon min cho,조현민,Hyun-min Cho,https://statiz.sporki.com/player/?m=playerinfo&p_no=16060
,1999-09-14,,hyeon min jeong,정현민,Hyun-Min Jung,https://statiz.sporki.com/player/?m=playerinfo&p_no=14216
,1992-04-12,,hyeon min kim,김현민,Hyun-Min Kim,https://statiz.sporki.com/player/?m=playerinfo&p_no=10897
,1990-07-11,,hyeon min lee,이현민,Hyun-Min Lee,https://statiz.sporki.com/player/?m=playerinfo&p_no=10900
,2001-10-13,,hyeon min lee,이현민,Hyeon-Min Lee,https://statiz.sporki.com/player/?m=playerinfo&p_no=16159
,1987-05-21,,hyeon min oh,오현민,Hyun-Min Oh,https://statiz.sporki.com/player/?m=playerinfo&p_no=11315
,2004-10-16,,hyeon seo ahn,안현서,Hyun-Seo Ahn,https://statiz.sporki.com/player/?m=playerinfo&p_no=15464
,1997-03-31,,hyeon seok ahn,안현석,hyun-Seok Ahn,https://statiz.sporki.com/player/?m=playerinfo&p_no=12627
,2001-03-05,,hyeon seok oh,오현석,Hyun-Seok Oh,https://statiz.sporki.com/player/?m=playerinfo&p_no=14801
,2000-06-13,,hyeon soo baek,백현수,Hyun-Soo Baek,https://statiz.sporki.com/player/?m=playerinfo&p_no=15616
,1996-03-21,,hyeon soo cho,조현수,Hyun-Soo Cho,https://statiz.sporki.com/player/?m=playerinfo&p_no=14202
,1999-06-10,,hyeon soo shin,신현수,Hyun-Soo Shin,https://statiz.sporki.com/player/?m=playerinfo&p_no=13077
,2003-06-16,,hyeon soo shin,신현수,Hyun-Soo Shin,https://statiz.sporki.com/player/?m=playerinfo&p_no=15021
,2004-02-28,,hyeon won seo,서현원,Hyun-Won Seo,https://statiz.sporki.com/player/?m=playerinfo&p_no=15498
,1993-05-14,,hyeon woo jang,장현우,Hyun-Woo Jang,https://statiz.sporki.com/player/?m=playerinfo&p_no=12578
,1989-08-22,,hyeon woo kim,김현우,Hyun-Woo Kim,https://statiz.sporki.com/player/?m=playerinfo&p_no=10838
,2000-04-07,,hyeon woo kim,김현우,Hyun-woo Kim,https://statiz.sporki.com/player/?m=playerinfo&p_no=14166
,2001-07-02,,hyeon woo kim,김현우,Hyun-Woo Kim,https://statiz.sporki.com/player/?m=playerinfo&p_no=14856
,2003-05-05,,hyeon woo lee,이현우,Hyun-Woo Lee,https://statiz.sporki.com/player/?m=playerinfo&p_no=15117
,1999-10-27,,hyeon wook jeong,정현욱,Hyun-Wook Jung,https://statiz.sporki.com/player/?m=playerinfo&p_no=14569
,1991-07-12,,hyeong jin yang,양형진,Hyeong-jin Yang,https://statiz.sporki.com/player/?m=playerinfo&p_no=11313
,2000-05-17,,hyeong keun jeon,전형근,Hyung-Geun Jeon,https://statiz.sporki.com/player/?m=playerinfo&p_no=14652
,1989-08-23,,hyeong rok choi,최형록,Hyeong-rok Choi,https://statiz.sporki.com/player/?m=playerinfo&p_no=11208
,2002-01-29,,hyeong wook kim,김형욱,Hyung-Wook Kim,https://statiz.sporki.com/player/?m=playerinfo&p_no=14844
,2003-03-08,,hyi beom jeon,전희범,Hee-Beom Jeon,https://statiz.sporki.com/player/?m=playerinfo&p_no=15103
,2000-01-28,,hyi jae lee,이희재,Hui-Jae Lee,https://statiz.sporki.com/player/?m=playerinfo&p_no=13133
,1995-03-22,,hyi joo park,박희주,Hee-Joo Park,https://statiz.sporki.com/player/?m=playerinfo&p_no=13123
,1980-10-12,,hyi seong kang,강희성,Hee-Seong Kang,https://statiz.sporki.com/player/?m=playerinfo&p_no=10346
,1985-05-13,,hyi sug kwon,권희석,Hei-Sug Kwon,https://statiz.sporki.com/player/?m=playerinfo&p_no=10805
,1994-06-07,,hyi won kim,김희원,Hee-Won Kim,https://statiz.sporki.com/player/?m=playerinfo&p_no=13185
,1995-12-07,,hyi yeong yoon,윤희영,Hee-Young Yoon,https://statiz.sporki.com/player/?m=playerinfo&p_no=13118
,1989-03-02,,hyo eui hong,홍효의,Hyo-Ui Hong,https://statiz.sporki.com/player/?m=playerinfo&p_no=11105
,1990-04-18,,hyo il park,박효일,Hyo-il Park,https://statiz.sporki.com/player/?m=playerinfo&p_no=11072
,1994-03-30,,hyo jun lee,이효준,Hyo-Jun Lee,https://statiz.sporki.com/player/?m=playerinfo&p_no=13253
,1996-08-09,,hyo jun yang,양효준,Hyo-Jun Yang,https://statiz.sporki.com/player/?m=playerinfo&p_no=12555
,1990-01-22,,hyo sang lee,이효상,Hyo-Sang Lee,https://statiz.sporki.com/player/?m=playerinfo&p_no=11067
,1999-04-01,,hyo seung shin,신효승,Hyo-Seung Shin,https://statiz.sporki.com/player/?m=playerinfo&p_no=13097
,2000-12-24,,hyo soo shin,신효수,Hyo-soo Shin,https://statiz.sporki.com/player/?m=playerinfo&p_no=16137
,1999-03-10,,hyo won cho,조효원,Jo Hyo-Won,https://statiz.sporki.com/player/?m=playerinfo&p_no=15055
,1994-07-16,,hyo yong ryu,류효용,Hyo-Yong Ryu,https://statiz.sporki.com/player/?m=playerinfo&p_no=13001
,1990-08-16,,ik hyeon lim,임익현,Ik-Hyeon Lim,https://statiz.sporki.com/player/?m=playerinfo&p_no=10373
,1981-02-25,,ik soo kim,김익수,Ik-Soo Kim,https://statiz.sporki.com/player/?m=playerinfo&p_no=11454
,2004-03-07,,il hoon park,박일훈,Il-Hoon Park,https://statiz.sporki.com/player/?m=playerinfo&p_no=15438
,1996-06-24,,in ho kang,강인호,In-Ho Kang,https://statiz.sporki.com/player/?m=playerinfo&p_no=14198
,2004-01-29,,in hyeok bae,배인혁,In-Hyuk Bae,https://statiz.sporki.com/player/?m=playerinfo&p_no=15449
,1988-05-19,,in kwon hwang,황인권,In-Kwon Hwang,https://statiz.sporki.com/player/?m=playerinfo&p_no=16143
,1992-06-01,,in seok jeong,정인석,In-Seok Jung,https://statiz.sporki.com/player/?m=playerinfo&p_no=12977
,1997-11-26,,in tae yeo,여인태,In-Tae Yeo,https://statiz.sporki.com/player/?m=playerinfo&p_no=12873
,2001-12-14,,in woo park,박인우,In-woo Park,https://statiz.sporki.com/player/?m=playerinfo&p_no=16051
,2001-05-20,,jae ho lee,이재호,JAE-HO LEE,https://statiz.sporki.com/player/?m=playerinfo&p_no=15871
,1991-04-07,,jae ho yoo,유재호,Jae-Ho Yoo,https://statiz.sporki.com/player/?m=playerinfo&p_no=10757
,1988-08-25,,jae hoon jang,장재훈,Jae-Hun Jang,https://statiz.sporki.com/player/?m=playerinfo&p_no=10918
,2004-04-14,,jae hwan jeong,정재환,Jae-Hwan Jung,https://statiz.sporki.com/player/?m=playerinfo&p_no=15447
,1993-05-22,,jae hyeok choi,최재혁,Jae-hyeok Choi,https://statiz.sporki.com/player/?m=playerinfo&p_no=12626
,2002-08-16,,jae hyeok jang,장재혁,Jae-Hyeok Jang,https://statiz.sporki.com/player/?m=playerinfo&p_no=15043
,1995-03-09,,jae hyeok jin,진재혁,Jae-Hyuk Jin,https://statiz.sporki.com/player/?m=playerinfo&p_no=13248
,2000-12-02,,jae hyeon kim,김재현,Jae-Hyun Kim,https://statiz.sporki.com/player/?m=playerinfo&p_no=15440
,2005-11-22,,jae hyeong kim,김재형,JAE-HYUNG KIM,https://statiz.sporki.com/player/?m=playerinfo&p_no=15872
,1989-08-16,,jae in lee,이재인,Jae-In Lee,https://statiz.sporki.com/player/?m=playerinfo&p_no=10712
,2002-06-26,,jae joong kim,김재중,Jae-Joong Kim,https://statiz.sporki.com/player/?m=playerinfo&p_no=14830
,1999-08-23,,jae keon cho,조재건,Jae-Geon Cho,https://statiz.sporki.com/player/?m=playerinfo&p_no=13100
,1996-06-18,,jae kwan lee,이재관,Jae-Kwan Lee,https://statiz.sporki.com/player/?m=playerinfo&p_no=13273
,2003-07-03,,jae kyu park,박재규,Jae-Gyu Park,https://statiz.sporki.com/player/?m=playerinfo&p_no=15429
,2005-08-31,,jae min kim,김재민,Jae-min Kim,https://statiz.sporki.com/player/?m=playerinfo&p_no=16062
,1997-05-01,,jae min seol,설재민,Seol Jae-Min,https://statiz.sporki.com/player/?m=playerinfo&p_no=14636
,1994-04-13,,jae rok lee,이재록,Jae-Rok Lee,https://statiz.sporki.com/player/?m=playerinfo&p_no=13193
,2001-03-15,,jae seong lee,이재성,Jae-Seong Lee,https://statiz.sporki.com/player/?m=playerinfo&p_no=14684
,1999-07-29,,jae seung lee,이재승,Jae-Seung Lee,https://statiz.sporki.com/player/?m=playerinfo&p_no=13099
,2001-06-14,,jae won jeong,정재원,Jae-Won Jung,https://statiz.sporki.com/player/?m=playerinfo&p_no=14701
,2001-07-26,,jae won noh,노재원,Noh Jae-won,https://statiz.sporki.com/player/?m=playerinfo&p_no=16012
,1994-05-22,,jae wook lee,이재욱,Jae-Wook Lee,https://statiz.sporki.com/player/?m=playerinfo&p_no=12881
,1990-09-25,,jae yeong hong,홍재영,Hong Jae-young,https://statiz.sporki.com/player/?m=playerinfo&p_no=10307
,1994-08-24,,jae yeong lee,이재영,Jae-Young Lee,https://statiz.sporki.com/player/?m=playerinfo&p_no=13224
,1987-07-04,,jae yoo kim,김재우,Jae-Yoo Kim,https://statiz.sporki.com/player/?m=playerinfo&p_no=10356
,1994-08-19,,jae yoon shim,심재윤,Jae-Yoon Sim,https://statiz.sporki.com/player/?m=playerinfo&p_no=11089
,1999-02-20,,jang eun moon,문장은,Jang-Eun Moon,https://statiz.sporki.com/player/?m=playerinfo&p_no=13121
,1984-03-02,,jang hwan lee,이장환,Jang-Hwan Lee,https://statiz.sporki.com/player/?m=playerinfo&p_no=10149
,1989-10-16,,jang hyi lee,이장희,Jang-Hui Lee,https://statiz.sporki.com/player/?m=playerinfo&p_no=10856
,2003-09-02,,jang min park,박장민,Jang-Min Park,https://statiz.sporki.com/player/?m=playerinfo&p_no=15506
,2000-11-17,,jang min seo,서장민,Jang-Min Seo,https://statiz.sporki.com/player/?m=playerinfo&p_no=14120
,2003-10-07,,jang yoon eom,엄장윤,Eum Jang-Yoon,https://statiz.sporki.com/player/?m=playerinfo&p_no=15052
,2001-03-12,,je beom park,박제범,Je-Beom Park,https://statiz.sporki.com/player/?m=playerinfo&p_no=14859
,2003-02-26,,je mo yoo,유제모,Je-mo Yoo,https://statiz.sporki.com/player/?m=playerinfo&p_no=16099
,1997-03-23,,je wang shin,신제왕,Je-Wang Shin,https://statiz.sporki.com/player/?m=playerinfo&p_no=14194
,1991-05-10,,je woo lee,이제우,Je-Woo Lee,https://statiz.sporki.com/player/?m=playerinfo&p_no=10019
,1990-12-05,,je woo lim,임제우,Je-Woo Lim,https://statiz.sporki.com/player/?m=playerinfo&p_no=11251
,1990-07-27,,je yun park,박제윤,Je-Yun Park,https://statiz.sporki.com/player/?m=playerinfo&p_no=11403
,2003-08-15,,jeong bin moon,문정빈,Jeong-Bin Moon,https://statiz.sporki.com/player/?m=playerinfo&p_no=15086
,2002-06-14,,jeong bin park,박정빈,Jeong-Bin Park,https://statiz.sporki.com/player/?m=playerinfo&p_no=14862
,1998-07-13,,jeong ho kim,김정호,Jeong-Ho Kim,https://statiz.sporki.com/player/?m=playerinfo&p_no=14829
,1997-05-15,,jeong hoon ahn,안정훈,Jung-Hoon An,https://statiz.sporki.com/player/?m=playerinfo&p_no=12628
,2000-09-08,,jeong hoon lee,이정훈,Jeong-Hun Lee,https://statiz.sporki.com/player/?m=playerinfo&p_no=14107
,1986-10-24,,jeong hoon park,박정훈,Jung-hun Park,https://statiz.sporki.com/player/?m=playerinfo&p_no=11171
,2003-10-14,,jeong hoon park,박정훈,Jeong-Hun Park,https://statiz.sporki.com/player/?m=playerinfo&p_no=15076
,2001-07-09,,jeong hoon seo,서정훈,Jung-hoon Seo,https://statiz.sporki.com/player/?m=playerinfo&p_no=16120
,2003-07-06,,jeong hoon yoon,윤정훈,Jung-Hoon Yoon,https://statiz.sporki.com/player/?m=playerinfo&p_no=15044
,2003-04-28,,jeong hwan shin,신정환,Jeong-Hwan Shin,https://statiz.sporki.com/player/?m=playerinfo&p_no=15038
,1996-05-08,,jeong hyeon park,박정현,Jung-Hyun Park,https://statiz.sporki.com/player/?m=playerinfo&p_no=12687
,2005-05-24,,jeong hyeon park,박정현,Jung-hyun Park,https://statiz.sporki.com/player/?m=playerinfo&p_no=16032
,1999-03-29,,jeong jae lee,이정재,Jung-Jae Lee,https://statiz.sporki.com/player/?m=playerinfo&p_no=15628
,2001-08-15,,jeong joo kim,김정주,Jung-Joo Kim,https://statiz.sporki.com/player/?m=playerinfo&p_no=14815
,2004-05-10,,jeong kyun lim,임정균,Jeong-Gyun Lim,https://statiz.sporki.com/player/?m=playerinfo&p_no=15489
,1992-11-18,,jeong min kim,김정민,Jeong-Min Kim,https://statiz.sporki.com/player/?m=playerinfo&p_no=11412
,1988-08-25,,jeong min lee,이정민,Jeong-Min Lee,https://statiz.sporki.com/player/?m=playerinfo&p_no=10181
,1988-08-31,,jeong min yoo,유정민,Jung-Min Yoo,https://statiz.sporki.com/player/?m=playerinfo&p_no=10830
,1999-09-10,,jeong tae choi,최정태,Jung-Tae Choi,https://statiz.sporki.com/player/?m=playerinfo&p_no=15619
,1999-06-14,,jeong won lee,이정원,Jung-Won Lee,https://statiz.sporki.com/player/?m=playerinfo&p_no=15611
,2004-01-13,,jeong woo jeong,정정우,Jeong-Woo Jung,https://statiz.sporki.com/player/?m=playerinfo&p_no=15095
,2001-02-28,,jeong woo lee,이정우,Jung-Woo Lee,https://statiz.sporki.com/player/?m=playerinfo&p_no=14678
,1986-12-02,,jeong woo pang,방정우,Jung-Woo Bang,https://statiz.sporki.com/player/?m=playerinfo&p_no=10874
,1996-03-21,,jeong woo park,박정우,Jeong-Woo Park,https://statiz.sporki.com/player/?m=playerinfo&p_no=14686
,1994-02-16,,jeong woong kye,계정웅,Jeong-Woong Gye,https://statiz.sporki.com/player/?m=playerinfo&p_no=13266
,1991-03-14,,jeong yoon lee,이정윤,Jung-Yoon Lee,https://statiz.sporki.com/player/?m=playerinfo&p_no=12557
,1993-12-03,,ji han lim,임지한,Ji-Han Im,https://statiz.sporki.com/player/?m=playerinfo&p_no=12945
,2000-10-21,,ji han park,박지한,Ji-Han Park,https://statiz.sporki.com/player/?m=playerinfo&p_no=14650
,1986-08-10,,ji ho kim,김지호,Ji-ho Kim,https://statiz.sporki.com/player/?m=playerinfo&p_no=11354
,1995-11-22,,ji ho park,박지호,Ji-Ho Park,https://statiz.sporki.com/player/?m=playerinfo&p_no=13153
,1998-05-17,,ji hoon hong,홍지훈,Hong Ji-Hun,https://statiz.sporki.com/player/?m=playerinfo&p_no=12879
,1993-03-19,,ji hoon kim,김지훈,Ji-Hoon Kim,https://statiz.sporki.com/player/?m=playerinfo&p_no=10878
,1998-07-07,,ji hoon kim,김지훈,Ji-hun Kim,https://statiz.sporki.com/player/?m=playerinfo&p_no=12925
,2003-03-04,,ji hoon lee,이지훈,Ji-Hoon Lee,https://statiz.sporki.com/player/?m=playerinfo&p_no=15082
,1998-11-06,,ji hoon lim,임지훈,Ji-hoon Lim,https://statiz.sporki.com/player/?m=playerinfo&p_no=13139
,2000-01-29,,ji hoon seong,성지훈,Ji-Hoon Sung,https://statiz.sporki.com/player/?m=playerinfo&p_no=15631
,2005-07-25,,ji hwan seung,승지환,Ji-hwan Seung,https://statiz.sporki.com/player/?m=playerinfo&p_no=16116
,1992-03-13,,ji hyeok lee,이지혁,Ji-Hyuk Lee,https://statiz.sporki.com/player/?m=playerinfo&p_no=10745
,1998-10-04,,ji hyeon kim,김지현,Ji-hyeon Kim,https://statiz.sporki.com/player/?m=playerinfo&p_no=16140
,2001-09-21,,ji min kim,김지민,Ji-min Kim,https://statiz.sporki.com/player/?m=playerinfo&p_no=16037
,2001-11-02,,ji seok kil,길지석,Ji-Seok Gil,https://statiz.sporki.com/player/?m=playerinfo&p_no=14685
,2004-05-27,,ji seong kim,김지성,Ji-sung Kim,https://statiz.sporki.com/player/?m=playerinfo&p_no=16131
,1998-04-29,,ji won choi,최지원,Ji-Won Choi,https://statiz.sporki.com/player/?m=playerinfo&p_no=14195
,1994-04-15,,ji won lee,이지원,Ji-Won Lee,https://statiz.sporki.com/player/?m=playerinfo&p_no=12929
,1994-05-22,,ji woo lee,이지우,Ji-Woo Lee,https://statiz.sporki.com/player/?m=playerinfo&p_no=11250
,2001-03-30,,ji woon han,한지운,Ji-Woon Han,https://statiz.sporki.com/player/?m=playerinfo&p_no=14643
,1991-11-30,,ji woon hong,홍지운,Ji-Woon Hong,https://statiz.sporki.com/player/?m=playerinfo&p_no=11254
,2004-05-14,,ji woong choi,최지웅,Ji-woong Choi,https://statiz.sporki.com/player/?m=playerinfo&p_no=16081
,2003-07-07,,ji woong han,한지웅,Ji-Woong Han,https://statiz.sporki.com/player/?m=playerinfo&p_no=15091
,2001-07-20,,ji yong han,한지용,Ji-Yong Han,https://statiz.sporki.com/player/?m=playerinfo&p_no=14604
,2002-10-07,,ji yong kim,김지용,Ji-Yong Kim,https://statiz.sporki.com/player/?m=playerinfo&p_no=14843
,1997-12-03,,ji you lim,임지유,Ji-You Lim,https://statiz.sporki.com/player/?m=playerinfo&p_no=12597
,2002-11-26,,jin ahn,안진,Jin Ahn,https://statiz.sporki.com/player/?m=playerinfo&p_no=14876
,1996-03-28,,jin doo park,박진두,Jin-Doo Park,https://statiz.sporki.com/player/?m=playerinfo&p_no=11424
,2001-06-16,,jin heo,허진,jin Heo,https://statiz.sporki.com/player/?m=playerinfo&p_no=16139
,2003-06-20,,jin heok yang,양진혁,Jin-Heok Yang,https://statiz.sporki.com/player/?m=playerinfo&p_no=15087
,1992-11-23,,jin ho bae,배진호,Jin-Ho Bae,https://statiz.sporki.com/player/?m=playerinfo&p_no=11421
,1992-11-14,,jin ho choi,최진호,Jin-Ho Choi,https://statiz.sporki.com/player/?m=playerinfo&p_no=10790
,2004-09-20,,jin ho jeong,정진호,Jin-Ho Jung,https://statiz.sporki.com/player/?m=playerinfo&p_no=15525
,1991-08-01,,jin je moon,문진제,Jin-Je Moon,https://statiz.sporki.com/player/?m=playerinfo&p_no=11209
,1994-03-28,,jin keun ahn,안진근,Jin-Geun Ahn,https://statiz.sporki.com/player/?m=playerinfo&p_no=11088
,1994-11-26,,jin kyeong lee,이진경,Jin-Kyung Lee,https://statiz.sporki.com/player/?m=playerinfo&p_no=13182
,1999-02-09,,jin kyu sohn,손진규,Jin-Gyu son,https://statiz.sporki.com/player/?m=playerinfo&p_no=15066
,1997-09-25,,jin soo jeong,정진수,Jin-Soo Jeong,https://statiz.sporki.com/player/?m=playerinfo&p_no=14698
,2003-02-15,,jin su baek,백진수,Jin-Su Baek,https://statiz.sporki.com/player/?m=playerinfo&p_no=15070
,1998-05-06,,jin su park,박진수,Jin-Su Park,https://statiz.sporki.com/player/?m=playerinfo&p_no=12874
,1988-11-24,,jin woo baek,백진우,Jin-Woo Baek,https://statiz.sporki.com/player/?m=playerinfo&p_no=10898
,1996-04-04,,jin woo jeon,전진우,Jin-Woo Jeon,https://statiz.sporki.com/player/?m=playerinfo&p_no=14154
,2002-10-28,,jin woo kim,김진우,Jin-Woo Kim,https://statiz.sporki.com/player/?m=playerinfo&p_no=14831
,2003-10-14,,jin woo park,박진우,Jin-Woo Park,https://statiz.sporki.com/player/?m=playerinfo&p_no=15507
,1993-05-03,,jin woo yeom,염진우,Jin-Woo Yeom,https://statiz.sporki.com/player/?m=playerinfo&p_no=12584
,1989-07-23,,jin wook lee,이진욱,Jin-Wook Lee,https://statiz.sporki.com/player/?m=playerinfo&p_no=10862
,1992-10-02,,jin yeong lee,이진영,Jin-Young Lee,https://statiz.sporki.com/player/?m=playerinfo&p_no=12601
,2005-04-09,,jong hae won,원종해,Jong-hae Won,https://statiz.sporki.com/player/?m=playerinfo&p_no=16059
,1996-08-01,,jong hoon jeon,전종훈,Jong-Hun Jeon,https://statiz.sporki.com/player/?m=playerinfo&p_no=14197
,1998-10-27,,jong hwan kim,김종환,Jong-Hwan Kim,https://statiz.sporki.com/player/?m=playerinfo&p_no=12880
,2003-12-15,,jong hwi woo,우종휘,Jong-Hwi Woo,https://statiz.sporki.com/player/?m=playerinfo&p_no=15093
,1996-10-29,,jong hwi yoon,윤종휘,Jong-Hwi Yun,https://statiz.sporki.com/player/?m=playerinfo&p_no=14726
,2005-08-27,,jong hyeok won,원종혁,Jong-hyeok Won,https://statiz.sporki.com/player/?m=playerinfo&p_no=16114
,1994-06-30,,jong hyeon choi,최종현,Jong-Hyun Choi,https://statiz.sporki.com/player/?m=playerinfo&p_no=12884
,1996-03-21,,jong jin jeong,정종진,Jong-Jin Jung,https://statiz.sporki.com/player/?m=playerinfo&p_no=12599
,1987-03-05,,jong jin kim,김종진,Jong-Jin Kim,https://statiz.sporki.com/player/?m=playerinfo&p_no=10781
,1981-09-23,,jong kil jin,진종길,Jin Jong-Kil,https://statiz.sporki.com/player/?m=playerinfo&p_no=15792
,1990-04-03,,jong mun kim,김종문,Jong-Mun Kim,https://statiz.sporki.com/player/?m=playerinfo&p_no=10809
,1983-04-18,,jong seob park,박종섭,Jong-Seop Park,https://statiz.sporki.com/player/?m=playerinfo&p_no=10175
,1994-06-24,,jong seong kim,김종성,Jong-Sung Kim,https://statiz.sporki.com/player/?m=playerinfo&p_no=13002
,1998-08-24,,jong soo baek,백종수,Jong-Soo Baek,https://statiz.sporki.com/player/?m=playerinfo&p_no=14839
,1998-02-24,,jong wan lee,이종완,Jong-Wahn Lee,https://statiz.sporki.com/player/?m=playerinfo&p_no=14879
,2005-02-07,,jong woo kim,김종우,Jong-woo Kim,https://statiz.sporki.com/player/?m=playerinfo&p_no=16019
,1996-03-01,,jong wook park,박종욱,Jong-Wook Park,https://statiz.sporki.com/player/?m=playerinfo&p_no=11384
,1994-03-25,,joo eun song,송주은,Ju-Eun Song,https://statiz.sporki.com/player/?m=playerinfo&p_no=11082
,2003-06-25,,joo hoon kim,김주훈,Ju-hun Kim,https://statiz.sporki.com/player/?m=playerinfo&p_no=16129
,2004-10-29,,joo hwan kim,김주환,Ju-Hwan Kim,https://statiz.sporki.com/player/?m=playerinfo&p_no=15460
,1998-10-01,,joo hyeong lee,이주형,Ju-Hyeong Lee,https://statiz.sporki.com/player/?m=playerinfo&p_no=12876
,2002-12-20,,joo hyeong lee,이주형,Ju-Hyung Lee,https://statiz.sporki.com/player/?m=playerinfo&p_no=15116
,1999-05-24,,joo seob kim,김주섭,Joo-Sub Kim,https://statiz.sporki.com/player/?m=playerinfo&p_no=15620
,1999-10-07,,joo wan kim,김주완,Ju-Wahn Kim,https://statiz.sporki.com/player/?m=playerinfo&p_no=14833
,1998-08-08,,joo won jeong,정주원,Ju-Won Jung,https://statiz.sporki.com/player/?m=playerinfo&p_no=14882
,1991-08-30,,joo won kim,김주원,Ju-Won Kim,https://statiz.sporki.com/player/?m=playerinfo&p_no=11309
,1999-01-31,,joo won seo,서주원,Joo-Won Seo,https://statiz.sporki.com/player/?m=playerinfo&p_no=13165
,1996-04-19,,joo yeob choi,최주엽,Ju-Yeop Choi,https://statiz.sporki.com/player/?m=playerinfo&p_no=12641
,1994-12-08,,joo yeong song,송주영,Joo-Young Song,https://statiz.sporki.com/player/?m=playerinfo&p_no=11095
,1988-08-03,,joon ho wi,위준호,Joon-Ho Wee,https://statiz.sporki.com/player/?m=playerinfo&p_no=10797
,1993-01-30,,joon hyeong lee,이준형,Jun-Hyung Lee,https://statiz.sporki.com/player/?m=playerinfo&p_no=12600
,2003-07-28,,joon hyeong lim,임준형,Jun-Hyeong Lim,https://statiz.sporki.com/player/?m=playerinfo&p_no=15107
,2002-05-19,,joon ki lee,이준기,June-Ki Lee,https://statiz.sporki.com/player/?m=playerinfo&p_no=14875
,1990-07-23,,joon pyeong lee,이준평,Joon-Pyung Lee,https://statiz.sporki.com/player/?m=playerinfo&p_no=12972
,1999-05-31,,joon woo kim,김준우,Joon-Woo Kim,https://statiz.sporki.com/player/?m=playerinfo&p_no=14119
,1993-11-30,,joon yeong ahn,안준영,Joon-Young An,https://statiz.sporki.com/player/?m=playerinfo&p_no=12596
,2003-11-18,,joon yeong kim,김준영,Joon-Young Kim,https://statiz.sporki.com/player/?m=playerinfo&p_no=15471
,1998-07-27,,joong seok lee,이중석,Lee Jung-Seok,https://statiz.sporki.com/player/?m=playerinfo&p_no=15737
,1998-08-26,,jun ahn,안준,Jun An,https://statiz.sporki.com/player/?m=playerinfo&p_no=13270
,2002-07-16,,jun beom lee,이준범,Jun-Beom Lee,https://statiz.sporki.com/player/?m=playerinfo&p_no=14823
,1996-01-19,,jun beom park,박준범,Jun-Beom Park,https://statiz.sporki.com/player/?m=playerinfo&p_no=14702
,1991-12-09,,jun ho kim,김준호,Jun-Ho Kim,https://statiz.sporki.com/player/?m=playerinfo&p_no=10185
,2001-08-31,,jun ho ok,옥준호,Jun-ho Ok,https://statiz.sporki.com/player/?m=playerinfo&p_no=15123
,2000-01-19,,jun ho park,박준호,Jun-Ho Park,https://statiz.sporki.com/player/?m=playerinfo&p_no=14190
,1999-05-12,,jun hyeok cho,조준혁,Jun-Hyuk Cho,https://statiz.sporki.com/player/?m=playerinfo&p_no=15623
,1996-07-25,,jun hyeok choi,최준혁,Jun-hyeok Choi,https://statiz.sporki.com/player/?m=playerinfo&p_no=14215
,2003-06-30,,jun hyeok lee,이준혁,Jun-Hyeok Lee,https://statiz.sporki.com/player/?m=playerinfo&p_no=15111
,1997-02-22,,jun hyeon kim,김준현,Jun-Hyun Kim,https://statiz.sporki.com/player/?m=playerinfo&p_no=12623
,1985-03-22,,jun hyeong ahn,안준형,Jun-Hyeong An,https://statiz.sporki.com/player/?m=playerinfo&p_no=10115
,1988-08-18,,jun hyi kim,김준희,Jun-Hee Kim,https://statiz.sporki.com/player/?m=playerinfo&p_no=10727
,2004-01-06,,jun hyi lee,이준희,Jun-Hee Lee,https://statiz.sporki.com/player/?m=playerinfo&p_no=15522
,2003-05-23,,jun kyo seo,서준교,Jun-Kyo Seo,https://statiz.sporki.com/player/?m=playerinfo&p_no=15120
,1997-10-23,,jun mo ahn,안준모,Jun-Mo An,https://statiz.sporki.com/player/?m=playerinfo&p_no=12636
,1992-04-06,,jun myeong lee,이준명,Jun-Myung Lee,https://statiz.sporki.com/player/?m=playerinfo&p_no=10932
,2002-12-18,,jun myeong lee,이준명,Jun-Myung Lee,https://statiz.sporki.com/player/?m=playerinfo&p_no=15526
,1991-04-08,,jun pyo hong,홍준표,Jun-Pyo Hong,https://statiz.sporki.com/player/?m=playerinfo&p_no=13276
,2002-03-16,,jun sang kim,김준상,Jun-Sang Kim,https://statiz.sporki.com/player/?m=playerinfo&p_no=14827
,2005-09-26,,jun seo baek,백준서,Jun-seo Baek,https://statiz.sporki.com/player/?m=playerinfo&p_no=16045
,2000-06-29,,jun seo choi,최준서,Jun-seo Choi,https://statiz.sporki.com/player/?m=playerinfo&p_no=16112
,2004-11-18,,jun seo lee,이준서,Jun-Seo Lee,https://statiz.sporki.com/player/?m=playerinfo&p_no=15487
,2001-03-26,,jun seok kim,김준석,Jun-Seok Kim,https://statiz.sporki.com/player/?m=playerinfo&p_no=15140
,1994-05-19,,jun sik choi,최준식,Jun-Sik Choi,https://statiz.sporki.com/player/?m=playerinfo&p_no=11075
,2005-05-31,,jun won kim,김준원,Jun-won Kim,https://statiz.sporki.com/player/?m=playerinfo&p_no=16063
,1996-12-18,,jun yeong cho,조준영,Jun-Young Cho,https://statiz.sporki.com/player/?m=playerinfo&p_no=12598
,1984-01-03,,jun yeong jang,장준영,Jun-Young Jang,https://statiz.sporki.com/player/?m=playerinfo&p_no=11460
,1996-10-03,,jun yeong park,박준영,Jun-Yeong Park,https://statiz.sporki.com/player/?m=playerinfo&p_no=14199
,2003-12-19,,jun yong park,박준용,JUN-YONG PARK,https://statiz.sporki.com/player/?m=playerinfo&p_no=15865
,2005-11-04,,kang bae,배강,Gang Bae,https://statiz.sporki.com/player/?m=playerinfo&p_no=16018
,1998-04-24,,kang chan yoon,윤강찬,Kang-Chan Yoon,https://statiz.sporki.com/player/?m=playerinfo&p_no=13172
,1987-05-29,,kang deuk byeon,변강득,Kang-Deuk Byun,https://statiz.sporki.com/player/?m=playerinfo&p_no=10791
,2000-08-14,,kang hyeok ji,지강혁,Kang-Hyuk Ji,https://statiz.sporki.com/player/?m=playerinfo&p_no=14192
,1991-10-23,,kang hyeok lee,이강혁,Kang-Hyuk Lee,https://statiz.sporki.com/player/?m=playerinfo&p_no=12650
,2000-12-04,,kang hyi cho,조강희,Kang-Hee Cho,https://statiz.sporki.com/player/?m=playerinfo&p_no=15615
,1994-12-09,,kang rae kim,김강래,Kang-Rae Kim,https://statiz.sporki.com/player/?m=playerinfo&p_no=13237
,1995-07-15,,kang wook lee,이강욱,Kang-Wook Lee,https://statiz.sporki.com/player/?m=playerinfo&p_no=13107
,2002-03-26,,keon hyi cho,조건희,Geon-Hee Cho,https://statiz.sporki.com/player/?m=playerinfo&p_no=14782
,2000-09-04,,keon hyi han,한건희,Geon-Hee Han,https://statiz.sporki.com/player/?m=playerinfo&p_no=14656
,1989-03-14,,keon joo hwang,황건주,Geon-Ju Hwang,https://statiz.sporki.com/player/?m=playerinfo&p_no=10873
,2003-07-14,,keon jun kang,강건준,Geon-Jun Kang,https://statiz.sporki.com/player/?m=playerinfo&p_no=15454
,2002-04-25,,keon park,박건,Geon Park,https://statiz.sporki.com/player/?m=playerinfo&p_no=15626
,1988-06-19,,keon pil kim,김건필,Geon-Pil Kim,https://statiz.sporki.com/player/?m=playerinfo&p_no=10353
,2001-04-25,,keon woo kim,김건우,Geon-Woo Kim,https://statiz.sporki.com/player/?m=playerinfo&p_no=14631
,1996-04-09,,keon woo pang,방건우,Geon-Woo Bang,https://statiz.sporki.com/player/?m=playerinfo&p_no=12978
,2004-04-12,,keon woong kim,김건웅,Geon-Woong Kim,https://statiz.sporki.com/player/?m=playerinfo&p_no=15521
,2001-05-15,,keon yi kim,김건이,Geon-Yi  Kim,https://statiz.sporki.com/player/?m=playerinfo&p_no=15470
,1991-05-30,,keun ho kim,김근호,Keun-Ho Kim,https://statiz.sporki.com/player/?m=playerinfo&p_no=10270
,2001-05-29,,keun hyeok lee,이근혁,Geun-Hyeok Lee,https://statiz.sporki.com/player/?m=playerinfo&p_no=15254
,1993-04-20,,keun sang yoo,유근상,Geun-sang Yoo,https://statiz.sporki.com/player/?m=playerinfo&p_no=14193
,1999-07-22,,keun woo lim,임근우,Geun-u Im,https://statiz.sporki.com/player/?m=playerinfo&p_no=15122
,2005-04-21,,ki chang lee,이기창,Gi-chang Lee,https://statiz.sporki.com/player/?m=playerinfo&p_no=16111
,1991-08-19,,ki cheol park,박기철,Ki-Cheol Park,https://statiz.sporki.com/player/?m=playerinfo&p_no=10699
,2005-07-26,,ki ho park,박기호,Ki-Ho Park,https://statiz.sporki.com/player/?m=playerinfo&p_no=16040
,1992-12-16,,ki hwan park,박기환,Gi-Hwan Park,https://statiz.sporki.com/player/?m=playerinfo&p_no=12983
,1996-06-19,,ki hyo ahn,남기효,Gi-hyo Ahn,https://statiz.sporki.com/player/?m=playerinfo&p_no=12640
,1976-07-17,,ki joong lee,이기중,Ki-Joong Lee,https://statiz.sporki.com/player/?m=playerinfo&p_no=11446
,2004-04-16,,ki jun kim,김기준,Ki-Jun Kim,https://statiz.sporki.com/player/?m=playerinfo&p_no=15442
,1982-07-15,,ki nam kim,김기남,Gi-Nam Kim,https://statiz.sporki.com/player/?m=playerinfo&p_no=10540
,2002-06-07,,ki seok lee,이기석,Ki-Seok Lee,https://statiz.sporki.com/player/?m=playerinfo&p_no=15613
,1998-03-10,,ki won han,한기원,Gi-Won Han,https://statiz.sporki.com/player/?m=playerinfo&p_no=13230
,1999-02-04,,ki yeong kwon,권기영,Ki-Young Kwon,https://statiz.sporki.com/player/?m=playerinfo&p_no=12921
,2001-01-03,,ki yong lee,이기용,Ki-Yong Lee,https://statiz.sporki.com/player/?m=playerinfo&p_no=14868
,1994-03-12,,koo yeol yang,양구열,Gu-Yeol Yang,https://statiz.sporki.com/player/?m=playerinfo&p_no=12609
,1991-10-05,,kook heon jang,장국헌,Guk-Heon Jang,https://statiz.sporki.com/player/?m=playerinfo&p_no=10742
,1994-12-06,,kuk pil lee,이국필,Kuk-Pil Lee,https://statiz.sporki.com/player/?m=playerinfo&p_no=13264
,2005-07-15,,kun woo byeon,변건우,kun-woo Byun,https://statiz.sporki.com/player/?m=playerinfo&p_no=16048
,1995-10-11,,kwan ho kim,김관호,Gwan-ho Kim,https://statiz.sporki.com/player/?m=playerinfo&p_no=14206
,2003-09-07,,kwan woo kim,김관우,Kwan-Woo Kim,https://statiz.sporki.com/player/?m=playerinfo&p_no=15424
,1999-11-26,,kwang jun ahn,안광준,Kwang-Jun An,https://statiz.sporki.com/player/?m=playerinfo&p_no=15126
,1993-07-26,,kwang myeong park,박광명,Gwang-myung Park,https://statiz.sporki.com/player/?m=playerinfo&p_no=12619
,1998-09-16,,kwang soo kim,김광수,Gwang-Soo Kim,https://statiz.sporki.com/player/?m=playerinfo&p_no=12862
,1994-01-03,,kyeol eui kim,김결의,Gyeol-ui Kim,https://statiz.sporki.com/player/?m=playerinfo&p_no=12642
,2004-06-15,,kyeom ahn,안겸,Gyeom Ahn,https://statiz.sporki.com/player/?m=playerinfo&p_no=15482
,1993-06-02,,kyeom han,한겸,Gyeom Han,https://statiz.sporki.com/player/?m=playerinfo&p_no=10904
,1998-12-10,,kyeom jae kim,김겸재,Kyeom-jae Kim,https://statiz.sporki.com/player/?m=playerinfo&p_no=15018
,2001-03-08,,kyeong chan seo,서경찬,Gyeong-Chan Seo,https://statiz.sporki.com/player/?m=playerinfo&p_no=14717
,1994-10-26,,kyeong jae lee,이경재,Kyung-Jae Lee,https://statiz.sporki.com/player/?m=playerinfo&p_no=11078
,2004-09-17,,kyeong min cho,조경민,Kyung-Min Cho,https://statiz.sporki.com/player/?m=playerinfo&p_no=15446
,1997-08-01,,kyeong min kim,김경민,Kyeong-Min Kim,https://statiz.sporki.com/player/?m=playerinfo&p_no=14694
,2004-03-16,,kyeong min shin,신경민,KYOUNG-MIN SHIN,https://statiz.sporki.com/player/?m=playerinfo&p_no=15869
,1998-02-04,,kyeong min yang,양경민,Kyoung-Min Yang,https://statiz.sporki.com/player/?m=playerinfo&p_no=13142
,1998-06-01,,kyeong mo shin,신경모,Kyung-Mo Shin,https://statiz.sporki.com/player/?m=playerinfo&p_no=12861
,2003-03-24,,kyeong mo yang,양경모,Gyeong-Mo Yang,https://statiz.sporki.com/player/?m=playerinfo&p_no=15017
,1998-07-12,,kyeong moon kwak,곽경문,Kyung-Moon Kwak,https://statiz.sporki.com/player/?m=playerinfo&p_no=12887
,1997-10-10,,kyeong nam min,민경남,Kyung-Nam Min,https://statiz.sporki.com/player/?m=playerinfo&p_no=14679
,1995-04-28,,kyeong neon kim,김경년,Kyung-Neon Kim,https://statiz.sporki.com/player/?m=playerinfo&p_no=13186
,2001-07-20,,kyeong pyo ko,고경표,Kyung-Pyo Ko,https://statiz.sporki.com/player/?m=playerinfo&p_no=16103
,1989-01-18,,kyeong rok lee,이경록,Kyeong-Rok Lee,https://statiz.sporki.com/player/?m=playerinfo&p_no=10728
,2001-02-03,,kyeong sik yang,양경식,Kyung-Sik Yang,https://statiz.sporki.com/player/?m=playerinfo&p_no=14853
,1986-03-20,,kyeong soo min,민경수,Gyung-Soo Min,https://statiz.sporki.com/player/?m=playerinfo&p_no=10280
,1998-03-05,,kyeong tae choi,최경태,Gyeong-Tae Choi,https://statiz.sporki.com/player/?m=playerinfo&p_no=13131
,1993-05-25,,kyeong tak kim,김경탁,Kyeong-Tak Kim,https://statiz.sporki.com/player/?m=playerinfo&p_no=10820
,2001-03-15,,kyeong won cho,조경원,Kyung-Won Cho,https://statiz.sporki.com/player/?m=playerinfo&p_no=14666
,2000-01-30,,kyeong woo jin,경우진,Kyung Woo-jin,https://statiz.sporki.com/player/?m=playerinfo&p_no=15133
,1992-08-10,,kyeong woo oh,오경우,Gyeong-u Oh,https://statiz.sporki.com/player/?m=playerinfo&p_no=12981
,2000-03-29,,kyo ram kim,김교람,Gyo-Ram Kim,https://statiz.sporki.com/player/?m=playerinfo&p_no=14689
,2001-03-27,,kyu bin shim,심규빈,Kyu-bin Sim,https://statiz.sporki.com/player/?m=playerinfo&p_no=16022
,1997-09-16,,kyu bo choi,최규보,Kyu-Bo Choi,https://statiz.sporki.com/player/?m=playerinfo&p_no=12855
,1989-03-28,,kyu ho na,나규호,Kyu-Ho Na,https://statiz.sporki.com/player/?m=playerinfo&p_no=10848
,2002-08-23,,kyu min kim,김규민,Kyu-min Kim,https://statiz.sporki.com/player/?m=playerinfo&p_no=16047
,1995-03-14,,kyu min park,박규민,Kyu-Min Park,https://statiz.sporki.com/player/?m=playerinfo&p_no=11235
,2001-12-04,,kyu seok oh,오규석,Kyu-Seok Oh,https://statiz.sporki.com/player/?m=playerinfo&p_no=14655
,1991-11-09,,kyu seong ahn,안규성,Gyu-Seong Ahn,https://statiz.sporki.com/player/?m=playerinfo&p_no=10760
,1990-06-17,,kyu sik jeong,정규식,Gyu-Sik Jeong,https://statiz.sporki.com/player/?m=playerinfo&p_no=11349
,1967-01-15,,kyu soon choi,최규순,Gyu-Soon Choi,https://statiz.sporki.com/player/?m=playerinfo&p_no=13921
,2003-06-08,,mae seong kang,강매성,Mae-Seong Kang,https://statiz.sporki.com/player/?m=playerinfo&p_no=15029
,1999-07-16,,michael baek,백미카엘,Michael Baek,https://statiz.sporki.com/player/?m=playerinfo&p_no=13120
,1985-09-12,,min cheol oh,오민철,Min-Cheol Oh,https://statiz.sporki.com/player/?m=playerinfo&p_no=10141
,1999-01-04,,min cheol shin,신민철,Min-Cheol Shin,https://statiz.sporki.com/player/?m=playerinfo&p_no=13269
,2003-01-13,,min cheol shin,신민철,Min-Cheol Shin,https://statiz.sporki.com/player/?m=playerinfo&p_no=15102
,1986-10-19,,min gyeum kim,김민겸,Min-Gyeum Kim,https://statiz.sporki.com/player/?m=playerinfo&p_no=10842
,2003-12-28,,min ho kim,김민호,Min-Ho Kim,https://statiz.sporki.com/player/?m=playerinfo&p_no=15504
,1989-02-05,,min ho kong,공민호,Min-Ho Gong,https://statiz.sporki.com/player/?m=playerinfo&p_no=10917
,2004-12-23,,min ho kwak,곽민호,Min-Ho Kwak,https://statiz.sporki.com/player/?m=playerinfo&p_no=15494
,1998-04-06,,min ho park,박민호,Min-Ho Park,https://statiz.sporki.com/player/?m=playerinfo&p_no=14845
,2012-01-01,,min ho yoon,윤민호,Min-ho Yoon,https://statiz.sporki.com/player/?m=playerinfo&p_no=10822
,1999-08-20,,min hyeok heo,허민혁,Min-Hyuk Heo,https://statiz.sporki.com/player/?m=playerinfo&p_no=14149
,1998-04-13,,min hyeok lee,이민혁,Min-Hyeok Lee,https://statiz.sporki.com/player/?m=playerinfo&p_no=14174
,1996-04-04,,min jae kim,김민재,Min-jae Kim,https://statiz.sporki.com/player/?m=playerinfo&p_no=12616
,2005-02-10,,min je kang,강민제,Min-je Kang,https://statiz.sporki.com/player/?m=playerinfo&p_no=16084
,1988-10-11,,min jeong park,박민정,Min-Jeong Park,https://statiz.sporki.com/player/?m=playerinfo&p_no=10884
,2004-03-20,,min joon kim,김민준,Min-Joon Kim,https://statiz.sporki.com/player/?m=playerinfo&p_no=15467
,2001-04-20,,min kang,강민,Min Kang,https://statiz.sporki.com/player/?m=playerinfo&p_no=14660
,1999-06-12,,min ki kim,김민기,Min-Gi Kim,https://statiz.sporki.com/player/?m=playerinfo&p_no=13141
,1989-07-24,,min kim,김민,Min Kim,https://statiz.sporki.com/player/?m=playerinfo&p_no=10846
,1995-08-05,,min kuk choi,최민국,Min-Kuk Choi,https://statiz.sporki.com/player/?m=playerinfo&p_no=12882
,1998-01-22,,min kyu baek,백민규,Min-Gyu Baek,https://statiz.sporki.com/player/?m=playerinfo&p_no=12893
,2000-07-17,,min kyun kang,강민균,Min-Gyun Kang,https://statiz.sporki.com/player/?m=playerinfo&p_no=15495
,2005-01-18,,min kyun kim,김민균,Min-kyun Kim,https://statiz.sporki.com/player/?m=playerinfo&p_no=16054
,1996-04-06,,min seob choi,최민섭,Min-seop Choi,https://statiz.sporki.com/player/?m=playerinfo&p_no=12629
,1994-07-23,,min seob kim,김민섭,Min-seop Kim,https://statiz.sporki.com/player/?m=playerinfo&p_no=13229
,1990-09-30,,min seob yoon,윤민섭,Min-Seob Yoon,https://statiz.sporki.com/player/?m=playerinfo&p_no=11076
,2005-07-22,,min seok kim,김민석,Min-suk Kim,https://statiz.sporki.com/player/?m=playerinfo&p_no=16035
,2001-11-01,,min seok lee,이민석,Min-Suk Lee,https://statiz.sporki.com/player/?m=playerinfo&p_no=15129
,1998-10-03,,min seok yoon,윤민석,Min-seok Yoon,https://statiz.sporki.com/player/?m=playerinfo&p_no=15124
,2005-05-09,,min seong jeong,정민성,MIN-SEONG JEONG,https://statiz.sporki.com/player/?m=playerinfo&p_no=15866
,2000-01-12,,min seong kang,강민성,Min-Sung Kang,https://statiz.sporki.com/player/?m=playerinfo&p_no=14161
,2001-09-14,,min seong ki,기민성,Min-Sung Ki,https://statiz.sporki.com/player/?m=playerinfo&p_no=16105
,2005-08-28,,min seong kim,김민성,Min-sung Kim,https://statiz.sporki.com/player/?m=playerinfo&p_no=16029
,2001-02-14,,min soo kang,강민수,Min-Soo Kang,https://statiz.sporki.com/player/?m=playerinfo&p_no=14644
,1998-12-18,,min soo kim,김민수,Min-Soo Kim,https://statiz.sporki.com/player/?m=playerinfo&p_no=15077
,2000-04-05,,min su kim,김민수,Min-su Kim,https://statiz.sporki.com/player/?m=playerinfo&p_no=14183
,1999-04-27,,min woo han,한민우,Min-Woo Han,https://statiz.sporki.com/player/?m=playerinfo&p_no=16144
,1991-09-24,,min woo jeong,정민우,Min-Woo Jung,https://statiz.sporki.com/player/?m=playerinfo&p_no=10313
,1993-01-09,,min wook kim,김민욱,Min-Wook Kim,https://statiz.sporki.com/player/?m=playerinfo&p_no=12563
,2003-01-20,,min yoo,유민,Min Yoo,https://statiz.sporki.com/player/?m=playerinfo&p_no=15016
,2005-04-11,,moo bin kim,김무빈,Moo-bin Kim,https://statiz.sporki.com/player/?m=playerinfo&p_no=16073
,1994-08-12,,moo seong cho,조무성,Moo-Sung Cho,https://statiz.sporki.com/player/?m=playerinfo&p_no=13265
,2002-01-11,,moo won hong,홍무원,Moo-Won Hong,https://statiz.sporki.com/player/?m=playerinfo&p_no=14800
,1987-09-09,,moon hong kim,김문홍,Moon-Hong Kim,https://statiz.sporki.com/player/?m=playerinfo&p_no=10801
,1999-02-11,,moon keun jeong,정문근,Moon-Geun Jung,https://statiz.sporki.com/player/?m=playerinfo&p_no=13143
,2004-03-29,,moon soo kim,김문수,Moon-Soo Kim,https://statiz.sporki.com/player/?m=playerinfo&p_no=15516
,1997-08-10,,mun su kim,김문수,Mun-Su Kim,https://statiz.sporki.com/player/?m=playerinfo&p_no=14205
,1986-01-13,,myeong hwan koo,구명환,Myeong-Hwan Gu,https://statiz.sporki.com/player/?m=playerinfo&p_no=11461
,1995-07-03,,myeong jun kang,강명준,Myeong-Jun Kang,https://statiz.sporki.com/player/?m=playerinfo&p_no=13236
,1998-12-22,,myeong seo kim,김명서,Myeong-Seo Kim,https://statiz.sporki.com/player/?m=playerinfo&p_no=12877
,2002-11-02,,myeong seung shin,신명승,Myeong-Seung Shin,https://statiz.sporki.com/player/?m=playerinfo&p_no=15065
,1994-07-16,,myeong soo shin,신명수,Myung-Soo Shin,https://statiz.sporki.com/player/?m=playerinfo&p_no=11129
,1998-11-20,,na hyeon lee,이나현,Na-Hyun Lee,https://statiz.sporki.com/player/?m=playerinfo&p_no=13110
,1993-07-10,,na on kil,길나온,Na-On Gil,https://statiz.sporki.com/player/?m=playerinfo&p_no=10869
,1997-09-23,,nam kil kim,김남길,Nam-gil Kim,https://statiz.sporki.com/player/?m=playerinfo&p_no=12593
,1994-10-04,,nam won baek,백남원,Nam-Won Baek,https://statiz.sporki.com/player/?m=playerinfo&p_no=13249
,2003-05-17,,nok won kim,김녹원,Nok-Won Kim,https://statiz.sporki.com/player/?m=playerinfo&p_no=15113
,1990-09-15,,parker markel,마켈,Parker Markel,https://statiz.sporki.com/player/?m=playerinfo&p_no=12955
,1992-04-16,,pil sun hwang,황필선,Pil-Sun Hwang,https://statiz.sporki.com/player/?m=playerinfo&p_no=10736
,1997-05-15,,pyo seung kim,김표승,Pyo-Seung Kim,https://statiz.sporki.com/player/?m=playerinfo&p_no=13189
,2003-11-25,,ri an kim,김리안,Ri-An Kim,https://statiz.sporki.com/player/?m=playerinfo&p_no=15074
,1978-05-21,,ricardo rodriguez,로드리게스,Ricardo Rodriguez,https://statiz.sporki.com/player/?m=playerinfo&p_no=10047
,1999-02-27,,sae ho lee,이세호,Sae-Ho Lee,https://statiz.sporki.com/player/?m=playerinfo&p_no=15075
,2003-08-08,,san kang,강산,San Kang,https://statiz.sporki.com/player/?m=playerinfo&p_no=15109
,2004-03-12,,sang ho bae,배상호,Sang-Ho Bae,https://statiz.sporki.com/player/?m=playerinfo&p_no=15459
,1990-03-16,,sang hoon kim,김상훈,Sang-hoon Kim,https://statiz.sporki.com/player/?m=playerinfo&p_no=10199
,2004-10-23,,sang hoon won,원상훈,Sang-Hoon Won,https://statiz.sporki.com/player/?m=playerinfo&p_no=15488
,2003-08-05,,sang hu park,박상후,Sang-Hu Park,https://statiz.sporki.com/player/?m=playerinfo&p_no=15026
,1996-02-02,,sang hwa yoo,유상화,Sang-Hwa Yoo,https://statiz.sporki.com/player/?m=playerinfo&p_no=11365
,1997-09-21,,sang hyeok noh,노상혁,Sang-Hyuk Noh,https://statiz.sporki.com/player/?m=playerinfo&p_no=14648
,1990-10-17,,sang hyeon bae,배상현,Sang-Hyun Bae,https://statiz.sporki.com/player/?m=playerinfo&p_no=10176
,1996-04-18,,sang hyeon kim,김상현,Sang-Hyun Kim,https://statiz.sporki.com/player/?m=playerinfo&p_no=14217
,1989-10-25,,sang il han,한상일,Sang-Il Han,https://statiz.sporki.com/player/?m=playerinfo&p_no=11343
,1994-12-03,,sang jun chae,채상준,Sang-Jun Chae,https://statiz.sporki.com/player/?m=playerinfo&p_no=13259
,2005-12-13,,sang jun lee,이상준,Sang-jun Lee,https://statiz.sporki.com/player/?m=playerinfo&p_no=16078
,2001-08-21,,sang jun park,박상준,Sang-Jun Park,https://statiz.sporki.com/player/?m=playerinfo&p_no=15125
,2000-03-29,,sang min oh,오상민,Sang-Min Oh,https://statiz.sporki.com/player/?m=playerinfo&p_no=14118
,1986-09-20,,sang rok kim,김상록,Sang-Rok Kim,https://statiz.sporki.com/player/?m=playerinfo&p_no=10127
,1994-02-07,,sang won park,박상원,Sang-Won Park,https://statiz.sporki.com/player/?m=playerinfo&p_no=10902
,1976-01-10,,sang won yoon,윤상원,Sang-won Yoon,https://statiz.sporki.com/player/?m=playerinfo&p_no=11442
,1989-10-08,,sang woo lee,이상우,Sang-Woo Lee,https://statiz.sporki.com/player/?m=playerinfo&p_no=11114
,1991-05-30,,sang woong cheon,천상웅,Sang-Ung Cheon,https://statiz.sporki.com/player/?m=playerinfo&p_no=10735
,1994-09-29,,sang yeob oh,오상엽,Sang-Yeop Oh,https://statiz.sporki.com/player/?m=playerinfo&p_no=12942
,2001-08-10,,sang yeon lee,이상연,Sang-Yeon Lee,https://statiz.sporki.com/player/?m=playerinfo&p_no=14836
,1999-09-28,,se hoon oh,오세훈,Se-Hun OH,https://statiz.sporki.com/player/?m=playerinfo&p_no=14835
,2001-12-05,,se hoon yoon,윤세훈,Se-Hoon Yoon,https://statiz.sporki.com/player/?m=playerinfo&p_no=14881
,2004-07-30,,se jik park,박세직,Se-Jik Park,https://statiz.sporki.com/player/?m=playerinfo&p_no=15466
,2001-12-01,,se jong bae,배세종,Se-Jong Bae,https://statiz.sporki.com/player/?m=playerinfo&p_no=16100
,2002-03-24,,se min kim,김세민,Se-Min Kim,https://statiz.sporki.com/player/?m=playerinfo&p_no=14865
,1995-05-14,,se min oh,오세민,Se-Min Oh,https://statiz.sporki.com/player/?m=playerinfo&p_no=13246
,1994-03-29,,se won na,나세원,Se-Won Na,https://statiz.sporki.com/player/?m=playerinfo&p_no=14697
,1992-10-17,,se woong baek,백세웅,Se-woong Baek,https://statiz.sporki.com/player/?m=playerinfo&p_no=10746
,2004-02-05,,seo jin kim,김서진,Seo-Jin Kim,https://statiz.sporki.com/player/?m=playerinfo&p_no=15053
,2004-07-11,,seo jun lim,임서준,Seo-Jun Im,https://statiz.sporki.com/player/?m=playerinfo&p_no=15511
,1991-09-12,,seo jun park,박서준,Seo-Jun Park,https://statiz.sporki.com/player/?m=playerinfo&p_no=11259
,1992-07-01,,seo jun park,박세준,Seo-Jun Park,https://statiz.sporki.com/player/?m=playerinfo&p_no=10704
,2003-12-04,,seo koo han,한서구,Seo-Gu Han,https://statiz.sporki.com/player/?m=playerinfo&p_no=15426
,2000-12-31,,seok hoon kim,김석훈,Seok-Hoon Kim,https://statiz.sporki.com/player/?m=playerinfo&p_no=15632
,2005-05-17,,seok hyeon kang,강석현,Seok-hyeon Kang,https://statiz.sporki.com/player/?m=playerinfo&p_no=16020
,1990-01-18,,seok jae lee,이석재,Seok-Jae Lee,https://statiz.sporki.com/player/?m=playerinfo&p_no=11077
,2000-03-17,,seok je lee,이석제,Seok-Je Lee,https://statiz.sporki.com/player/?m=playerinfo&p_no=15630
,2003-01-31,,seok jin noh,노석진,Seok-jin Noh,https://statiz.sporki.com/player/?m=playerinfo&p_no=15022
,1996-06-18,,seok jong moon,문석종,Seok-jong Moon,https://statiz.sporki.com/player/?m=playerinfo&p_no=11356
,1989-03-27,,seok ki shin,신석기,Seok-Gi Shin,https://statiz.sporki.com/player/?m=playerinfo&p_no=11120
,1993-09-16,,seok oh,오석,Suk OH,https://statiz.sporki.com/player/?m=playerinfo&p_no=12611
,2000-10-30,,seon dong kim,김선동,Seon-dong Kim,https://statiz.sporki.com/player/?m=playerinfo&p_no=16119
,1998-08-27,,seon ki baek,백선기,Seon-Ki Baek,https://statiz.sporki.com/player/?m=playerinfo&p_no=13174
,1995-05-11,,seon woo kim,김선우,Seon-Woo Kim,https://statiz.sporki.com/player/?m=playerinfo&p_no=13260
,2002-09-12,,seong bo yoon,윤성보,Seong-bo Yun,https://statiz.sporki.com/player/?m=playerinfo&p_no=16046
,1992-04-22,,seong bok lee,이성복,Sung-Bok Lee,https://statiz.sporki.com/player/?m=playerinfo&p_no=13235
,1987-05-08,,seong hak lim,임성학,Seong-Hak Lim,https://statiz.sporki.com/player/?m=playerinfo&p_no=10415
,1992-04-15,,seong han kim,김성한,Seong-han Kim,https://statiz.sporki.com/player/?m=playerinfo&p_no=11402
,2003-09-28,,seong ho shin,신성호,Sung-Ho Shin,https://statiz.sporki.com/player/?m=playerinfo&p_no=15456
,1998-05-07,,seong hoon jeong,정성훈,Seong-Hoon Jeong,https://statiz.sporki.com/player/?m=playerinfo&p_no=12889
,1989-11-26,,seong hoon lee,이성훈,Seong-Hoon Lee,https://statiz.sporki.com/player/?m=playerinfo&p_no=10370
,2004-06-24,,seong hoon song,송성훈,Seong-Hun Song,https://statiz.sporki.com/player/?m=playerinfo&p_no=15427
,1998-05-18,,seong hwan park,박성환,Seong-Hwan Park,https://statiz.sporki.com/player/?m=playerinfo&p_no=12849
,2002-08-06,,seong hyeon cho,조성현,Jo Sung-Hyeon,https://statiz.sporki.com/player/?m=playerinfo&p_no=14828
,1996-10-24,,seong hyeon kim,김성현,Sung-hyun Kim,https://statiz.sporki.com/player/?m=playerinfo&p_no=12633
,1999-01-29,,seong hyup kim,김성협,Sung-Hyup Kim,https://statiz.sporki.com/player/?m=playerinfo&p_no=12911
,2003-03-21,,seong jae park,박성재,Sung-Jae Park,https://statiz.sporki.com/player/?m=playerinfo&p_no=15110
,1997-03-12,,seong jin ha,하성진,Sung-Jin Ha,https://statiz.sporki.com/player/?m=playerinfo&p_no=12615
,1994-03-02,,seong jin kim,김성진,Seong-Jin Kim,https://statiz.sporki.com/player/?m=playerinfo&p_no=11128
,2003-03-28,,seong joo lee,이성주,Seong-Ju Lee,https://statiz.sporki.com/player/?m=playerinfo&p_no=15061
,1999-09-07,,seong joo maeng,맹성주,Seong-ju Maeng,https://statiz.sporki.com/player/?m=playerinfo&p_no=13166
,2005-11-28,,seong joon park,박성준,Seong-jun Park,https://statiz.sporki.com/player/?m=playerinfo&p_no=16094
,2003-03-09,,seong jun kwon,권성준,Sung-Jun Kwon,https://statiz.sporki.com/player/?m=playerinfo&p_no=15096
,2001-11-16,,seong jun lim,임성준,Seong-Jun Im,https://statiz.sporki.com/player/?m=playerinfo&p_no=15031
,1984-09-29,,seong kil yoon,윤성길,Seong-Gil Yoon,https://statiz.sporki.com/player/?m=playerinfo&p_no=10144
,1999-10-01,,seong kyeung kim,김성경,SUNG-KYEUNG KIM,https://statiz.sporki.com/player/?m=playerinfo&p_no=15867
,2001-07-06,,seong kyun kim,김성균,Seong-kyun Kim,https://statiz.sporki.com/player/?m=playerinfo&p_no=14723
,2002-07-05,,seong min choi,최성민,Seong-Min Choi,https://statiz.sporki.com/player/?m=playerinfo&p_no=14870
,1991-03-29,,seong min jeong,정성민,Sung-Min Jeong,https://statiz.sporki.com/player/?m=playerinfo&p_no=11295
,1997-08-18,,seong min kim,김성민,Seong-min Kim,https://statiz.sporki.com/player/?m=playerinfo&p_no=13183
,2000-08-27,,seong min kim,김성민,Seong-Min Kim,https://statiz.sporki.com/player/?m=playerinfo&p_no=14730
,1996-07-10,,seong min ko,고성민,Seong-Min Ko,https://statiz.sporki.com/player/?m=playerinfo&p_no=14112
,2002-09-28,,seong min lee,이성민,Sung-Min Lee,https://statiz.sporki.com/player/?m=playerinfo&p_no=15019
,1999-04-08,,seong min oh,오성민,Seong-Min Oh,https://statiz.sporki.com/player/?m=playerinfo&p_no=15131
,1998-01-31,,seong min park,박성민,Sung-Min Park,https://statiz.sporki.com/player/?m=playerinfo&p_no=12878
,1990-08-01,,seong min seo,서성민,Sung-Min Seo,https://statiz.sporki.com/player/?m=playerinfo&p_no=10283
,1987-07-29,,seong pil ahn,안성필,Sung-Pil An,https://statiz.sporki.com/player/?m=playerinfo&p_no=10338
,1997-09-13,,seong taek kim,김성택,Sung-Taek Kim,https://statiz.sporki.com/player/?m=playerinfo&p_no=12630
,1999-11-02,,seong won lee,이성원,Seong-Won Lee,https://statiz.sporki.com/player/?m=playerinfo&p_no=13140
,1989-01-30,,seong woo cho,조성우,Seong-u Jo,https://statiz.sporki.com/player/?m=playerinfo&p_no=10615
,1994-12-17,,seong woo ko,고성우,Seong-Woo Ko,https://statiz.sporki.com/player/?m=playerinfo&p_no=13277
,1999-03-10,,seong woo min,민성우,Seong-Woo Min,https://statiz.sporki.com/player/?m=playerinfo&p_no=15135
,1998-09-01,,seong woo park,박성우,Sung-Woo Park,https://statiz.sporki.com/player/?m=playerinfo&p_no=14852
,1986-06-12,,seong woong hwang,황성웅,Hwang Sung-woong,https://statiz.sporki.com/player/?m=playerinfo&p_no=10308
,1993-08-25,,seong yong moon,문성용,Seong-Yong Moon,https://statiz.sporki.com/player/?m=playerinfo&p_no=13922
,1991-06-15,,seong yoon kim,김성윤,Seong-yun Kim,https://statiz.sporki.com/player/?m=playerinfo&p_no=11340
,2004-03-06,,seung bin joo,주승빈,Seung-Bin Joo,https://statiz.sporki.com/player/?m=playerinfo&p_no=15072
,1984-05-29,,seung cheol yeo,여승철,Yeo Seung-cheol,https://statiz.sporki.com/player/?m=playerinfo&p_no=11210
,2005-03-04,,seung eon lee,이승언,Seung-eon Lee,https://statiz.sporki.com/player/?m=playerinfo&p_no=16036
,2005-03-24,,seung ho park,박승호,Seung-ho Park,https://statiz.sporki.com/player/?m=playerinfo&p_no=16134
,1990-09-16,,seung hoo kim,김승후,Seung-Hoo Kim,https://statiz.sporki.com/player/?m=playerinfo&p_no=13267
,1996-09-16,,seung hoon choi,최승훈,Seung-hoon Choi,https://statiz.sporki.com/player/?m=playerinfo&p_no=12603
,1994-01-03,,seung hoon kang,강승훈,Seung-Hoon Kang,https://statiz.sporki.com/player/?m=playerinfo&p_no=12559
,2004-08-12,,seung hoon lee,이승훈,Seung-Hoon Lee,https://statiz.sporki.com/player/?m=playerinfo&p_no=15469
,1999-01-05,,seung hoon park,박승훈,Seung-Hoon Park,https://statiz.sporki.com/player/?m=playerinfo&p_no=15641
,2005-01-26,,seung hyeon lee,이승현,Seung-hyun Lee,https://statiz.sporki.com/player/?m=playerinfo&p_no=16034
,2005-06-08,,seung hyeon lee,이승현,Seung-hyeon Lee,https://statiz.sporki.com/player/?m=playerinfo&p_no=16113
,1989-02-20,,seung hyeon noh,노승현,Seung-Hyeon Noh,https://statiz.sporki.com/player/?m=playerinfo&p_no=10906
,2002-04-02,,seung jin moon,문승진,Seung-jin Moon,https://statiz.sporki.com/player/?m=playerinfo&p_no=14874
,1998-07-22,,seung joo choi,최승주,Seung-Ju Choi,https://statiz.sporki.com/player/?m=playerinfo&p_no=12870
,1995-09-10,,seung jun kim,김승준,Seung-Jun Kim,https://statiz.sporki.com/player/?m=playerinfo&p_no=15134
,2001-07-06,,seung ki min,민승기,Seung-Gi Min,https://statiz.sporki.com/player/?m=playerinfo&p_no=15137
,1991-01-07,,seung min choi,최승민,Seung-min Choi,https://statiz.sporki.com/player/?m=playerinfo&p_no=12643
,1987-08-18,,seung min choo,추승민,Seung-Min Choo,https://statiz.sporki.com/player/?m=playerinfo&p_no=10723
,2005-01-06,,seung min lee,이승민,Seung-min Lee,https://statiz.sporki.com/player/?m=playerinfo&p_no=16039
,1986-01-29,,seung ryong yoo,유승룡,Seung-ryong Yoo,https://statiz.sporki.com/player/?m=playerinfo&p_no=10015
,1998-06-17,,seung taek oh,오승택,Seung-Taek Oh,https://statiz.sporki.com/player/?m=playerinfo&p_no=15118
,2001-03-15,,seung wan ko,고승완,Seung-wan Ko,https://statiz.sporki.com/player/?m=playerinfo&p_no=16061
,1988-01-01,,seung wan park,박승완,Seung-Wahn Park,https://statiz.sporki.com/player/?m=playerinfo&p_no=13278
,2001-12-06,,seung won hong,홍승원,Seung-Won Hong,https://statiz.sporki.com/player/?m=playerinfo&p_no=14864
,2004-06-08,,seung won woo,우승원,Seung-Won Woo,https://statiz.sporki.com/player/?m=playerinfo&p_no=15478
,1999-11-05,,seung woo jeon,전승우,Seung-woo Jeon,https://statiz.sporki.com/player/?m=playerinfo&p_no=15138
,1997-07-01,,seung woo lee,이승우,Seung-Woo Lee,https://statiz.sporki.com/player/?m=playerinfo&p_no=12542
,1993-03-02,,seung woo park,박승우,Seung-Woo Park,https://statiz.sporki.com/player/?m=playerinfo&p_no=10861
,1993-07-08,,seung yeol yoon,윤승열,Seung-Yeol Yoon,https://statiz.sporki.com/player/?m=playerinfo&p_no=10915
,2003-06-09,,seung yeon han,한승연,Seung-Yeon Han,https://statiz.sporki.com/player/?m=playerinfo&p_no=15064
,2001-06-25,,seung yoon oh,오승윤,Seung-Yoon Oh,https://statiz.sporki.com/player/?m=playerinfo&p_no=16024
,1992-08-08,,shin ho lim,임신호,Shin-ho Lim,https://statiz.sporki.com/player/?m=playerinfo&p_no=10773
,1999-07-14,,shin hoi kim,김신회,Shin-Hoe Kim,https://statiz.sporki.com/player/?m=playerinfo&p_no=14218
,1992-05-20,,si ha jang,장시하,Si-Ha Jang,https://statiz.sporki.com/player/?m=playerinfo&p_no=10817
,1999-01-29,,si heon seong,성시헌,Si-Heon Seong,https://statiz.sporki.com/player/?m=playerinfo&p_no=13134
,2000-07-19,,si hyeok choi,최시혁,Si-Hyuk Choi,https://statiz.sporki.com/player/?m=playerinfo&p_no=14157
,2001-12-21,,si hyeon jang,장시현,Si-Hyeon Jang,https://statiz.sporki.com/player/?m=playerinfo&p_no=14824
,2003-10-30,,si on kim,김시온,Si-On Kim,https://statiz.sporki.com/player/?m=playerinfo&p_no=15502
,1998-09-30,,si on park,박시온,Si-On Park,https://statiz.sporki.com/player/?m=playerinfo&p_no=16157
,2004-01-28,,si wan kim,김시완,Si-Wahn Kim,https://statiz.sporki.com/player/?m=playerinfo&p_no=15108
,2004-03-16,,si won park,박시원,Si-Won Park,https://statiz.sporki.com/player/?m=playerinfo&p_no=15505
,1995-11-02,,si woo kim,김시우,Si-Woo Kim,https://statiz.sporki.com/player/?m=playerinfo&p_no=14213
,1986-09-27,,si yeong byeon,변시영,Si-Yeong Byun,https://statiz.sporki.com/player/?m=playerinfo&p_no=10513
,1999-03-08,,si yun park,박시윤,Si-Yun Park,https://statiz.sporki.com/player/?m=playerinfo&p_no=13170
,2004-08-08,,song chan lee,이송찬,Song-Chan Lee,https://statiz.sporki.com/player/?m=playerinfo&p_no=15436
,2000-07-19,,soo ho choi,최수호,Soo-Ho Choi,https://statiz.sporki.com/player/?m=playerinfo&p_no=14148
,2000-04-17,,soo hyeon park,박수현,Soo-Hyun Park,https://statiz.sporki.com/player/?m=playerinfo&p_no=14188
,1997-04-08,,su bin choi,최수빈,Su-bin Choi,https://statiz.sporki.com/player/?m=playerinfo&p_no=12618
,1994-04-05,,su bin kong,공수빈,Su-Bin Gong,https://statiz.sporki.com/player/?m=playerinfo&p_no=13086
,1999-08-11,,su yong park,박수용,Su-Yong Park,https://statiz.sporki.com/player/?m=playerinfo&p_no=14182
,1998-12-30,,sun myeong cho,조선명,Sun-Myung Cho,https://statiz.sporki.com/player/?m=playerinfo&p_no=13106
,1991-01-08,,tae gon kil,길태곤,Tai-Gon Gil,https://statiz.sporki.com/player/?m=playerinfo&p_no=10352
,2001-01-03,,tae ho eom,엄태호,Eom Tae-ho,https://statiz.sporki.com/player/?m=playerinfo&p_no=14640
,2001-02-15,,tae ho kim,김태호,Tae-ho Kim,https://statiz.sporki.com/player/?m=playerinfo&p_no=16050
,2003-10-10,,tae ho yoon,윤태호,Tae-Ho Yoon,https://statiz.sporki.com/player/?m=playerinfo&p_no=15104
,1989-08-02,,tae jin cho,조태진,Tae-Jin Cho,https://statiz.sporki.com/player/?m=playerinfo&p_no=10823
,1997-04-30,,tae joon jeon,전태준,Tae-Joon Jeon,https://statiz.sporki.com/player/?m=playerinfo&p_no=12890
,2001-04-18,,tae kyeom lee,이태겸,Tae-Gyeom Lee,https://statiz.sporki.com/player/?m=playerinfo&p_no=16025
,1990-05-27,,tae kyeong ahn,안태경,Tae-Kyung An,https://statiz.sporki.com/player/?m=playerinfo&p_no=11396
,2003-05-03,,tae kyeong eom,엄태경,Eom Tae-Kyoung,https://statiz.sporki.com/player/?m=playerinfo&p_no=15088
,2000-02-21,,tae kyu lee,이태규,Tae-Gyu Lee,https://statiz.sporki.com/player/?m=playerinfo&p_no=14179
,1997-02-12,,tae seong choi,최태성,Tae-sung Choi,https://statiz.sporki.com/player/?m=playerinfo&p_no=14727
,1994-08-17,,tae soo kim,김태수,Tae-Soo Kim,https://statiz.sporki.com/player/?m=playerinfo&p_no=12886
,1992-02-20,,tae sun oh,오태선,Tae-Sun Oh,https://statiz.sporki.com/player/?m=playerinfo&p_no=10721
,2004-09-17,,tae wan kang,강태완,Tae-wan Kang,https://statiz.sporki.com/player/?m=playerinfo&p_no=16070
,1993-02-03,,tae wan kim,김태완,Tae-Wahn Kim,https://statiz.sporki.com/player/?m=playerinfo&p_no=13000
,2005-03-29,,tae wan kim,김태완,Tae-wan Kim,https://statiz.sporki.com/player/?m=playerinfo&p_no=16075
,2005-09-04,,tae wan park,박태완,Tae-wan Park,https://statiz.sporki.com/player/?m=playerinfo&p_no=16033
,1992-02-17,,tae won park,박태원,Park Tae-Won,https://statiz.sporki.com/player/?m=playerinfo&p_no=15853
,1995-02-20,,tae woo kim,김태우,Tae-Woo Kim,https://statiz.sporki.com/player/?m=playerinfo&p_no=14688
,1999-09-15,,tae woo kim,김태우,Tae-Woo Kim,https://statiz.sporki.com/player/?m=playerinfo&p_no=13158
,2003-02-28,,tae woon kim,김태윤,Tae-Woon Kim,https://statiz.sporki.com/player/?m=playerinfo&p_no=15030
,1997-07-04,,tae yeong kim,김태영,Tae-Young Kim,https://statiz.sporki.com/player/?m=playerinfo&p_no=12556
,2002-08-12,,tae yoon lim,임태윤,Tae-Yoon Lim,https://statiz.sporki.com/player/?m=playerinfo&p_no=14772
,2004-10-07,,tae yun kim,김태윤,Tae-yun Kim,https://statiz.sporki.com/player/?m=playerinfo&p_no=16079
,1993-09-24,,taek hyeong kwon,권택형,Taek-hyeong Kwon,https://statiz.sporki.com/player/?m=playerinfo&p_no=10865
,2000-06-12,,taek woo kim,김택우,Taek-Woo Kim,https://statiz.sporki.com/player/?m=playerinfo&p_no=15622
,1992-08-06,,wang joong baek,백왕중,Wang-jung Baek,https://statiz.sporki.com/player/?m=playerinfo&p_no=10839
,2000-10-16,,won bin hong,홍원빈,Won-bin Hong,https://statiz.sporki.com/player/?m=playerinfo&p_no=14177
,1999-02-08,,won bin lee,이원빈,Won-Bin Lee,https://statiz.sporki.com/player/?m=playerinfo&p_no=13116
,2003-02-24,,won ho jang,장원호,Won-Ho Jang,https://statiz.sporki.com/player/?m=playerinfo&p_no=16142
,1991-07-17,,won jae shin,신원재,Won-Jae Shin,https://statiz.sporki.com/player/?m=playerinfo&p_no=11234
,2002-03-13,,won jin kang,강원진,Won-Jin Kang,https://statiz.sporki.com/player/?m=playerinfo&p_no=14832
,2004-05-01,,won joon choi,최원준,Won-Jun Choi,https://statiz.sporki.com/player/?m=playerinfo&p_no=15428
,2001-05-01,,won kyeong kim,김원경,Won-kyung Kim,https://statiz.sporki.com/player/?m=playerinfo&p_no=14791
,1997-02-22,,won seok cheon,천원석,Won-Seok Cheon,https://statiz.sporki.com/player/?m=playerinfo&p_no=12551
,1995-07-19,,woo hyeok choi,최우혁,Woo-Hyuk Choi,https://statiz.sporki.com/player/?m=playerinfo&p_no=13111
,2005-11-27,,woo hyeon lee,이우현,Woo-hyun Lee,https://statiz.sporki.com/player/?m=playerinfo&p_no=16126
,2002-08-09,,woo in choi,최우인,Woo-in Choi,https://statiz.sporki.com/player/?m=playerinfo&p_no=14818
,1997-11-16,,woo jae shin,신우재,Woo-Jae Shin,https://statiz.sporki.com/player/?m=playerinfo&p_no=16011
,2005-07-22,,woo jin ahn,안우진,Woo-jin Ahn,https://statiz.sporki.com/player/?m=playerinfo&p_no=16096
,2002-09-22,,woo jun jang,장우준,Woo-Jun Jang,https://statiz.sporki.com/player/?m=playerinfo&p_no=14857
,1988-09-07,,woo ram jang,장우람,Woo-Ram Jang,https://statiz.sporki.com/player/?m=playerinfo&p_no=10889
,1999-10-05,,woo seok jeong,정우석,Woo-Suk Jung,https://statiz.sporki.com/player/?m=playerinfo&p_no=13078
,1993-08-11,,woo seok song,송우석,Woo-Seok Song,https://statiz.sporki.com/player/?m=playerinfo&p_no=11124
,2002-04-11,,woo seong jeong,정우성,Woo-Sung Jung,https://statiz.sporki.com/player/?m=playerinfo&p_no=15618
,1988-07-06,,woo yang jeong,정우양,Woo-Yang Jung,https://statiz.sporki.com/player/?m=playerinfo&p_no=10724
,1988-08-19,,woong han lee,이웅한,Woong-Han Lee,https://statiz.sporki.com/player/?m=playerinfo&p_no=10292
,1996-05-26,,woong heo,허웅,Woong Heo,https://statiz.sporki.com/player/?m=playerinfo&p_no=11367
,1993-12-16,,woong kim,김웅,Woong Kim,https://statiz.sporki.com/player/?m=playerinfo&p_no=10847
,1989-02-26,,yang sik moon,문양식,Yang-sik Moon,https://statiz.sporki.com/player/?m=playerinfo&p_no=10826
,2001-01-23,,yang soo kim,김양수,Yang-soo Kim,https://statiz.sporki.com/player/?m=playerinfo&p_no=14645
,1993-05-08,,yang woo lee,이양우,Yang-Woo Lee,https://statiz.sporki.com/player/?m=playerinfo&p_no=10811
,1997-11-23,,ye chan lee,이예찬,Ye-chan Lee,https://statiz.sporki.com/player/?m=playerinfo&p_no=12602
,2004-10-28,,ye jun kim,김예준,Ye-Jun Kim,https://statiz.sporki.com/player/?m=playerinfo&p_no=15431
,1996-03-12,,yee kyeong choi,최이경,Yee-kyung Choi,https://statiz.sporki.com/player/?m=playerinfo&p_no=14715
,1998-08-14,,yeon je jeong,정연제,Yeon-Je Jung,https://statiz.sporki.com/player/?m=playerinfo&p_no=14850
,1996-12-20,,yeon jun kim,김연준,Yeon-Jun Kim,https://statiz.sporki.com/player/?m=playerinfo&p_no=14825
,1999-06-11,,yeon jun lee,김연준,Yeon-Jun Lee,https://statiz.sporki.com/player/?m=playerinfo&p_no=14123
,2001-02-11,,yeon wook han,한연욱,Yeon-Wook Han,https://statiz.sporki.com/player/?m=playerinfo&p_no=14664
,1999-08-14,,yeong chan ko,고영찬,Young-Chan Ko,https://statiz.sporki.com/player/?m=playerinfo&p_no=14719
,1977-12-03,,yeong choul kwon,권영철,Young-Choul Kwon,https://statiz.sporki.com/player/?m=playerinfo&p_no=11447
,1995-05-03,,yeong ha lee,이용하,Young-Ha Lee,https://statiz.sporki.com/player/?m=playerinfo&p_no=11223
,1993-10-10,,yeong ha yoo,유영하,Young-Ha Yoo,https://statiz.sporki.com/player/?m=playerinfo&p_no=11241
,1996-05-22,,yeong han kim,김영한,Young-Han Kim,https://statiz.sporki.com/player/?m=playerinfo&p_no=13239
,1993-04-21,,yeong il kim,김영일,Young-il Kim,https://statiz.sporki.com/player/?m=playerinfo&p_no=12591
,2000-01-18,,yeong jae ko,고영재,Young-Jae Gp,https://statiz.sporki.com/player/?m=playerinfo&p_no=15629
,2002-01-11,,yeong jae lee,이영재,Young-Jae Lee,https://statiz.sporki.com/player/?m=playerinfo&p_no=14826
,1987-12-30,,yeong jae shin,신영재,Young-Jae Shin,https://statiz.sporki.com/player/?m=playerinfo&p_no=10845
,1998-04-27,,yeong jeong kim,김영중,Young-Jung  Kim,https://statiz.sporki.com/player/?m=playerinfo&p_no=12853
,1985-09-30,,yeong jin doo,두영진,Yeong-Jin Do,https://statiz.sporki.com/player/?m=playerinfo&p_no=11107
,2001-02-28,,yeong jin ha,하영진,Young-Jin Ha,https://statiz.sporki.com/player/?m=playerinfo&p_no=14671
,1988-04-24,,yeong joon kwon,권영준,Young-Jun Kwon,https://statiz.sporki.com/player/?m=playerinfo&p_no=10893
,1992-07-25,,yeong ki lee,이영기,Young-Ki Lee,https://statiz.sporki.com/player/?m=playerinfo&p_no=10771
,1998-02-05,,yeong kwang jeong,정영광,Young-Kwang Jung,https://statiz.sporki.com/player/?m=playerinfo&p_no=13274
,1991-11-03,,yeong kwang kim,김영광,Young-Kwang Kim,https://statiz.sporki.com/player/?m=playerinfo&p_no=11256
,2004-07-28,,yeong tak seong,성영탁,Yeong-tak Sung,https://statiz.sporki.com/player/?m=playerinfo&p_no=16085
,2000-08-23,,yeong wook oh,오영욱,Yeong-Wook Oh,https://statiz.sporki.com/player/?m=playerinfo&p_no=14167
,1994-03-23,,yeong woong cheon,천영웅,Young-Ung Cheon,https://statiz.sporki.com/player/?m=playerinfo&p_no=11096
,2000-03-07,,yi hwang jeong,정이황,Yi-Hwang Jung,https://statiz.sporki.com/player/?m=playerinfo&p_no=14127
,1989-05-14,,yo han yoon,윤요한,Yo-han Yoon,https://statiz.sporki.com/player/?m=playerinfo&p_no=10214
,2002-11-29,,yong ha choi,최용하,Yong-Ha Choi,https://statiz.sporki.com/player/?m=playerinfo&p_no=15080
,1994-06-30,,yong in kim,김용인,Yong-in Kim,https://statiz.sporki.com/player/?m=playerinfo&p_no=12868
,1989-07-26,,yong jea hong,홍재용,Yong-jea Hong,https://statiz.sporki.com/player/?m=playerinfo&p_no=11417
,2003-06-05,,yong joo heo,허용주,Heo Yong-Joo,https://statiz.sporki.com/player/?m=playerinfo&p_no=15491
,2000-02-15,,yong jun sohn,손용준,Yong-jun Son,https://statiz.sporki.com/player/?m=playerinfo&p_no=16014
,1996-01-01,,yong keun cho,조용근,Yong-Geun Cho,https://statiz.sporki.com/player/?m=playerinfo&p_no=14670
,1998-11-18,,yong ki na,나용기,Yong-Gi Na,https://statiz.sporki.com/player/?m=playerinfo&p_no=14186
,1999-03-20,,yong min park,박용민,Yong-Min Park,https://statiz.sporki.com/player/?m=playerinfo&p_no=13163
,1993-04-04,,yong seung shin,신용승,Yong-Seung Shin,https://statiz.sporki.com/player/?m=playerinfo&p_no=10905
,2003-05-02,,yong wan kim,김용완,Yong-Wahn Kim,https://statiz.sporki.com/player/?m=playerinfo&p_no=15054
,1993-03-17,,yong woo kwon,권용우,Yong-Woo Gwon,https://statiz.sporki.com/player/?m=playerinfo&p_no=12582
,1999-02-03,,yong wook park,박용욱,Yong-Wook Park,https://statiz.sporki.com/player/?m=playerinfo&p_no=14201
,2003-05-05,,yoo bin choi,최유빈,Yu-Bin Choi,https://statiz.sporki.com/player/?m=playerinfo&p_no=15033
,1988-11-16,,yoo cheol jeong,정유철,Yoo-Chul Jung,https://statiz.sporki.com/player/?m=playerinfo&p_no=11418
,2003-01-18,,yoo min kim,김유민,Yu-Min Kim,https://statiz.sporki.com/player/?m=playerinfo&p_no=14842
,1990-03-20,,yoo sang hong,홍유상,Yu-Sang Hong,https://statiz.sporki.com/player/?m=playerinfo&p_no=13255
,2002-07-17,,yoo seok jeong,정유석,Yu-Seok Jung,https://statiz.sporki.com/player/?m=playerinfo&p_no=15105
,1993-03-25,,yoo seong noh,노유성,Yoo-Sung Noh,https://statiz.sporki.com/player/?m=playerinfo&p_no=12580
,2000-08-17,,yoo shin seo,서유신,Yu-shin Seo,https://statiz.sporki.com/player/?m=playerinfo&p_no=15483
,1993-04-21,,yoo sik kwon,권유식,Yoo-sik Kwon,https://statiz.sporki.com/player/?m=playerinfo&p_no=13181
,2005-05-17,,yoo won hong,홍유원,Yu-won Hong,https://statiz.sporki.com/player/?m=playerinfo&p_no=16055
,1993-06-03,,yoo won shin,신유원,Yu-Won Shin,https://statiz.sporki.com/player/?m=playerinfo&p_no=10872
,2004-04-08,,yool nam,남율,Yu Naml,https://statiz.sporki.com/player/?m=playerinfo&p_no=15517
,1989-10-24,,yoon cheol choi,최윤철,Choi Yun-Cheol,https://statiz.sporki.com/player/?m=playerinfo&p_no=10813
,2004-09-08,,yoon ho shin,신윤호,Yoon-Ho Shin,https://statiz.sporki.com/player/?m=playerinfo&p_no=15500
,1997-10-30,,yoon ji,지윤,Yoon Ji,https://statiz.sporki.com/player/?m=playerinfo&p_no=12891
,1988-07-22,,yoon ki han,한윤기,Yoon-Gi Han,https://statiz.sporki.com/player/?m=playerinfo&p_no=11143
,1999-09-28,,yoon sang noh,노윤상,Yoon-Sang Noh,https://statiz.sporki.com/player/?m=playerinfo&p_no=13196
,1996-05-28,,yoon seok oh,오윤석,Yoon-Suk Oh,https://statiz.sporki.com/player/?m=playerinfo&p_no=14203
,2005-06-11,,yul ki sohn,손율기,Yul-gi Son,https://statiz.sporki.com/player/?m=playerinfo&p_no=16074
,1998-02-12,,yun ho jeong,정윤호,Yun-Ho Jung,https://statiz.sporki.com/player/?m=playerinfo&p_no=12857
,1998-01-19,,yun hwan jeong,정윤환,Yun-Hwan Jung,https://statiz.sporki.com/player/?m=playerinfo&p_no=12915
,1993-06-07,,yun jun pang,방윤준,Yun-jun Bang,https://statiz.sporki.com/player/?m=playerinfo&p_no=12588
,2003-03-21,,yun seo choi,최윤서,Yun-seo Choi,https://statiz.sporki.com/player/?m=playerinfo&p_no=16030
