name_eng_x,url,name_new,name_kor,name_eng_y
,,an seok jeong,정안석,An-seok Jeong
,,beom jeong lee,이범정,Beom-Jung Lee
,,beom jun cho,조범준,Beom-Jun Jo
,,beom jun shin,신범준,Beom-Jun Shin
,,beop su kwon,권법수,Beop-Su Kwon
,,bin jang,장빈,Bin Jang
,,bo woong cheon,천보웅,Bo-Woong Cheon
,,byeong geol woo,우병걸,Byeong-Geol Woo
,,byeong hoon noh,노병훈,Byung-Hoon Noh
,,byeong hoon park,박병훈,Byung-Hoon Park
,,byeong jae kim,김병재,Byung-Jae Kim
,,byeong joo kim,김병주,Byung-Joo Kim
,,byeong jun lee,이병준,Byung-Jun Lee
,,byeong keun kim,김병근,Byung-Keun Kim
,,byeong kyu cho,조병규,Byung-Gyu Cho
,,byeong moo kang,강병무,Byung-Moo Kang
,,byeong seon kwak,곽병선,Byung-seon Kwak
,,byeong sun ryu,유병선,BYUNG-SUN RYU
,,byeong woo park,박병우,Byeong-u Park
,,chae wool park,박채울,Chae-wool Park
,,chan beom park,박찬범,Chan-Beom Park
,,chan ho ahn,안찬호,Chan-Ho An
,,chan hyi park,박찬희,Chan-Hee Park
,,chan ki lee,이찬기,Chan-Gi Lee
,,chan kyun kim,김찬균,Chan-Gyun Kim
,,chan min kim,김찬민,Chan-Min Kim
,,chan seok lee,이찬석,Chan-Suk Lee
,,chang ho ahn,안창호,Chang-Ho An
,,chang ho lee,이창호,Chang-Ho Lee
,,chang hyi shin,신창희,Chang-Hee Shin
,,chang joo kang,강창주,Chang-Ju Kang
,,chang yeob lee,이창엽,Chang-Yeop Lee
,,chang yeoul lee,이창율,Chang-Yeoul Lee
,,chang yong kim,김창용,Chang-yong Kim
,,cheol eon shin,신철언,Cheol-Eon Shin
,,cheol min hyun,현철민,Chul-Min Hyun
,,cheon soo choi,최천수,Cheon-Soo Choi
,,choi seol woo,최설우,Choi Seol-Woo
,,chol min lee,이철민,Chol-Min Lee
,,choong hyi han,한충희,Choong-Hee Han
,,chung hyeon lee,이청현,Chung-Hyun Lee
,,da huin jeong,정다흰,Da-Huin Jeong
,,dae han jang,장대한,Dae-han Jang
,,dae hyeok jeong,정대혁,Dae-Hyeok Jung
,,dae kyeom han,한대겸,Dae-Gyeom Han
,,dae myeong park,박대명,Dae-Myung Park
,,dae won yang,양대원,Dae-Won Yang
,,dal hwan kim,김달환,Dal-Hwan Kim
,,dan woo	 kim,김단우,Dan-Woo	 Kim
,,deok hyeon jeong,정덕현,Deok-Hyun Jung
,,do hoon kang,강도훈,Do-Hoon Kang
,,do hyeok lim,임도혁,Do-Hyuk Lim
,,do hyeon lee,이도현,Do-Hyun Lee
,,do kyeong kim,김도경,Do-Kyung Kim
,,do ryeol baek,백도렬,Do-Ryeol Baek
,,do wol kim,김도월,Do-Wol Kim
,,do won ahn,안도원,Do-Won Ahn
,,do woong jeong,정도웅,Do-Woong Jung
,,do yoon kim,김도윤,Do-Yoon Kim
,,do yoon lee,이도윤,Do-Yoon Lee
,,dong bin kim,김동빈,Dong-Bin Kim
,,dong chan kim,김동찬,Dong-Chan Kim
,,dong hoon han,한동훈,Dong-Hoon Han
,,dong hoon kang,강동훈,Dong-hoon Kang
,,dong hyeok kwon,권동혁,Dong-Hyeok Kwon
,,dong hyeok park,박동혁,Dong-Hyuk Park
,,dong hyeon cho,조동현,Dong-Hyeon Cho
,,dong hyeon kwon,권동현,Dong-hyun Kwon
,,dong hyeong kang,강동형,Dong-Hyeong Kang
,,dong hyi choi,최동희,Dong-Hee Choi
,,dong il yang,양동일,Dong-Yil Yang
,,dong jun kim,김동준,Dong-Jun Kim
,,dong keon lee,이동건,Dong-Geon Lee
,,dong keun lee,이동근,Donk-Keun Lee
,,dong kwan lee,이동관,Dong-Kwan Lee
,,dong kwon kang,강동권,Dong-Gwon Kang
,,dong kyu lee,이동규,Dong-Kyu Lee
,,dong kyu shin,신동규,Dong-Kyu Shin
,,dong min park,박동민,Dong-Min Park
,,dong su park,박동수,Dong-Su Park
,,dong su shin,신동수,Dong-Su Shin
,,dong woo jang,장동우,Dong-Woo Jang
,,dong wook jeong,정동욱,Dong-Wook Jeong
,,dong wook kwon,권동욱,Dong-wook Kwon
,,dong wook song,송동욱,Dong-Uk Song
,,dong woon yang,양동운,Dong-woon Yang
,,dong yeong cha,차동영,Dong-Young Cha
,,doo san jeong,정두산,Du-San Jeong
,,enny manuel romero hernandez,로메로,Enny Manuel Romero Hernandez
,,eui jun hwang,황의준,Ui-Jun Hwang
,,eui jun kim,김의준,Eui-Jun Kim
,,eui seo moon,문의서,Ui-Seo Moon
,,eun cho,조은,Eun Cho
,,eun hyeong lee,이은형,Eun-Hyung Lee
,,eun seok jeon,전은석,Eun-Seok Jeon
,,eung soo kim,김응수,Eung-Soo Kim
,,gong yeob sa,사공엽,Gong-Yeop Sa
,,gyeol eui kim,김결의,Gyeol-ui Kim
,,gyoo dae kim,김규대,Gyoo-Dae Kim
,,ha seong ryu,류하성,Ha-Seong Ryu
,,ha won jeon,전하원,Ha-Won Jeon
,,hae chan kim,김해찬,Hae-Chan Kim
,,hae won jeong,정해원,Hae-Won Jung
,,hae woong ha,하해웅,Hae-Woong Ha
,,hak jin cho,조학진,Hak-Jin Cho
,,hak jin shin,신학진,Hak-Jin Shin
,,hak jun noh,노학준,Hak-Jun Noh
,,han bin so,소한빈,Han-bin So
,,han kyul park,박한결,Han-Kyul Park
,,han lee,이한,Han Lee
,,han sang kim,김한상,Han-Sang Kim
,,han sol kim,김한솔,Han-Sol Kim
,,han wool joo,주한울,Han-Wool Joo
,,heon seong byeon,변헌성,Heon-Sung Byun
,,heung jin oh,오흥진,Heung-Jin Oh
,,ho hyeon lee,이호현,Ho-Hyun Lee
,,ho jun seok,석호준,Ho-Jun Seok
,,ho jun shin,신호준,Ho-jun Shin
,,ho min kim,김호민,Ho-Min Kim
,,ho sik yoo,유호식,Ho-Sik Yu
,,ho won sohn,손호원,Ho-Won Sohn
,,ho yeol lee,이호열,Ho-Yeol Lee
,,ho yeon kim,김호연,Ho-Yeon Kim
,,ho yeong jeon,전호영,Ho-Young Jeon
,,hoon ho kim,김훈호,Hoon-Ho Kim
,,hoon lee,이훈,Hun Lee
,,hwa rang park,박화랑,Hwa-Rang Park
,,hwa yeong kang,강화영,Hwa-Yeong Kang
,,hwang koo,구황,Hwang Gu
,,hwi bong yoo,유휘봉,Hwi-Bong Yoo
,,hwi keon kim,김휘건,Hwi-geon Kim
,,hwi seong park,박휘성,Hwi-Sung Park
,,hye seong cha,차혜성,Hye-Sung Cha
,,hye seong ha,하혜성,Hye-Seong Ha
,,hyeok chan kwon,권혁찬,Hyeok-Chan Kwon
,,hyeok park,박혁,Hyuk Park
,,hyeon cheol ryu,류현철,Hyeon-Cheol Ryu
,,hyeon deok cho,조현덕,Hyun-Duk Cho
,,hyeon gon ryu,류현곤,Hyun-Gon Ryu
,,hyeon ho bae,배현호,Hyun-Ho Bae
,,hyeon jae cheon,천현재,Hyeon-Jae Cheon
,,hyeon je song,송현제,Hyeon-Je Song
,,hyeon jeong choi,최현정,Hyeon-Jeong Choi
,,hyeon jin yang,양현진,Hyun-Jin Yang
,,hyeon jong baek,백현종,Hyun-jong Baek
,,hyeon jun lee,이현준,HYEON-JUN LEE
,,hyeon jun lee,이현준,Hyun-Jun Lee
,,hyeon kim,김현,Hyun Kim
,,hyeon kwon,권현,Hyeon Kwon
,,hyeon min cho,조현민,Hyun-min Cho
,,hyeon min jeong,정현민,Hyun-Min Jung
,,hyeon min lee,이현민,Hyun-Min Lee
,,hyeon min lee,이현민,Hyeon-Min Lee
,,hyeon min oh,오현민,Hyun-Min Oh
,,hyeon seo ahn,안현서,Hyun-Seo Ahn
,,hyeon seok ahn,안현석,hyun-Seok Ahn
,,hyeon seok oh,오현석,Hyun-Seok Oh
,,hyeon soo baek,백현수,Hyun-Soo Baek
,,hyeon soo shin,신현수,Hyun-Soo Shin
,,hyeon won seo,서현원,Hyun-Won Seo
,,hyeon woo jang,장현우,Hyun-Woo Jang
,,hyeon woo lee,이현우,Hyun-Woo Lee
,,hyeong jin yang,양형진,Hyeong-jin Yang
,,hyeong keun jeon,전형근,Hyung-Geun Jeon
,,hyeong rok choi,최형록,Hyeong-rok Choi
,,hyeong wook kim,김형욱,Hyung-Wook Kim
,,hyi beom jeon,전희범,Hee-Beom Jeon
,,hyi jae lee,이희재,Hui-Jae Lee
,,hyi joo park,박희주,Hee-Joo Park
,,hyi seong kang,강희성,Hee-Seong Kang
,,hyi sug kwon,권희석,Hei-Sug Kwon
,,hyi won kim,김희원,Hee-Won Kim
,,hyi yeong yoon,윤희영,Hee-Young Yoon
,,hyo eui hong,홍효의,Hyo-Ui Hong
,,hyo il park,박효일,Hyo-il Park
,,hyo jun lee,이효준,Hyo-Jun Lee
,,hyo jun yang,양효준,Hyo-Jun Yang
,,hyo sang lee,이효상,Hyo-Sang Lee
,,hyo seung shin,신효승,Hyo-Seung Shin
,,hyo soo shin,신효수,Hyo-soo Shin
,,hyo won cho,조효원,Jo Hyo-Won
,,hyo yong ryu,류효용,Hyo-Yong Ryu
,,ik hyeon lim,임익현,Ik-Hyeon Lim
,,ik soo kim,김익수,Ik-Soo Kim
,,il hoon park,박일훈,Il-Hoon Park
,,in ho kang,강인호,In-Ho Kang
,,in hyeok bae,배인혁,In-Hyuk Bae
,,in kwon hwang,황인권,In-Kwon Hwang
,,in tae yeo,여인태,In-Tae Yeo
,,in woo park,박인우,In-woo Park
,,jae ho yoo,유재호,Jae-Ho Yoo
,,jae hoon jang,장재훈,Jae-Hun Jang
,,jae hwan jeong,정재환,Jae-Hwan Jung
,,jae hyeok choi,최재혁,Jae-hyeok Choi
,,jae hyeok jin,진재혁,Jae-Hyuk Jin
,,jae hyeong kim,김재형,JAE-HYUNG KIM
,,jae in lee,이재인,Jae-In Lee
,,jae joong kim,김재중,Jae-Joong Kim
,,jae keon cho,조재건,Jae-Geon Cho
,,jae kwan lee,이재관,Jae-Kwan Lee
,,jae kyu park,박재규,Jae-Gyu Park
,,jae min seol,설재민,Seol Jae-Min
,,jae rok lee,이재록,Jae-Rok Lee
,,jae seung lee,이재승,Jae-Seung Lee
,,jae won noh,노재원,Noh Jae-won
,,jae wook lee,이재욱,Jae-Wook Lee
,,jae yeong hong,홍재영,Hong Jae-young
,,jang eun moon,문장은,Jang-Eun Moon
,,jang hwan lee,이장환,Jang-Hwan Lee
,,jang hyi lee,이장희,Jang-Hui Lee
,,jang min park,박장민,Jang-Min Park
,,jang min seo,서장민,Jang-Min Seo
,,jang yoon eom,엄장윤,Eum Jang-Yoon
,,je beom park,박제범,Je-Beom Park
,,je mo yoo,유제모,Je-mo Yoo
,,je wang shin,신제왕,Je-Wang Shin
,,je woo lee,이제우,Je-Woo Lee
,,je woo lim,임제우,Je-Woo Lim
,,je yun park,박제윤,Je-Yun Park
,,jeong bin moon,문정빈,Jeong-Bin Moon
,,jeong bin park,박정빈,Jeong-Bin Park
,,jeong ho kim,김정호,Jeong-Ho Kim
,,jeong hoon ahn,안정훈,Jung-Hoon An
,,jeong hoon park,박정훈,Jung-hun Park
,,jeong hoon park,박정훈,Jeong-Hun Park
,,jeong hoon seo,서정훈,Jung-hoon Seo
,,jeong hoon yoon,윤정훈,Jung-Hoon Yoon
,,jeong hwan shin,신정환,Jeong-Hwan Shin
,,jeong jae lee,이정재,Jung-Jae Lee
,,jeong joo kim,김정주,Jung-Joo Kim
,,jeong kyun lim,임정균,Jeong-Gyun Lim
,,jeong min yoo,유정민,Jung-Min Yoo
,,jeong tae choi,최정태,Jung-Tae Choi
,,jeong won lee,이정원,Jung-Won Lee
,,jeong woo jeong,정정우,Jeong-Woo Jung
,,jeong woo lee,이정우,Jung-Woo Lee
,,jeong woo pang,방정우,Jung-Woo Bang
,,jeong woong kye,계정웅,Jeong-Woong Gye
,,jeong yoon lee,이정윤,Jung-Yoon Lee
,,jesus sanchez,산체스,Jesus Sanchez
,,ji han lim,임지한,Ji-Han Im
,,ji han park,박지한,Ji-Han Park
,,ji ho kim,김지호,Ji-ho Kim
,,ji hoon hong,홍지훈,Hong Ji-Hun
,,ji hoon lee,이지훈,Ji-Hoon Lee
,,ji hoon lim,임지훈,Ji-hoon Lim
,,ji hoon seong,성지훈,Ji-Hoon Sung
,,ji hwan seung,승지환,Ji-hwan Seung
,,ji hyeok lee,이지혁,Ji-Hyuk Lee
,,ji hyeon kim,김지현,Ji-hyeon Kim
,,ji min kim,김지민,Ji-min Kim
,,ji seok kil,길지석,Ji-Seok Gil
,,ji won choi,최지원,Ji-Won Choi
,,ji won lee,이지원,Ji-Won Lee
,,ji woo lee,이지우,Ji-Woo Lee
,,ji woon han,한지운,Ji-Woon Han
,,ji woon hong,홍지운,Ji-Woon Hong
,,ji woong choi,최지웅,Ji-woong Choi
,,ji woong han,한지웅,Ji-Woong Han
,,ji yong han,한지용,Ji-Yong Han
,,ji you lim,임지유,Ji-You Lim
,,jin ahn,안진,Jin Ahn
,,jin doo park,박진두,Jin-Doo Park
,,jin heo,허진,jin Heo
,,jin heok yang,양진혁,Jin-Heok Yang
,,jin ho bae,배진호,Jin-Ho Bae
,,jin je moon,문진제,Jin-Je Moon
,,jin keun ahn,안진근,Jin-Geun Ahn
,,jin kyeong lee,이진경,Jin-Kyung Lee
,,jin kyu sohn,손진규,Jin-Gyu son
,,jin soo jeong,정진수,Jin-Soo Jeong
,,jin su baek,백진수,Jin-Su Baek
,,jin su park,박진수,Jin-Su Park
,,jin woo jeon,전진우,Jin-Woo Jeon
,,jin woo yeom,염진우,Jin-Woo Yeom
,,jin wook lee,이진욱,Jin-Wook Lee
,,jong hae won,원종해,Jong-hae Won
,,jong hoon jeon,전종훈,Jong-Hun Jeon
,,jong hwan kim,김종환,Jong-Hwan Kim
,,jong hwi woo,우종휘,Jong-Hwi Woo
,,jong hwi yoon,윤종휘,Jong-Hwi Yun
,,jong hyeok won,원종혁,Jong-hyeok Won
,,jong hyeon choi,최종현,Jong-Hyun Choi
,,jong jin jeong,정종진,Jong-Jin Jung
,,jong jin kim,김종진,Jong-Jin Kim
,,jong kil jin,진종길,Jin Jong-Kil
,,jong moon kim,김종문,Jong-Moon Kim
,,jong seob park,박종섭,Jong-Seop Park
,,jong soo baek,백종수,Jong-Soo Baek
,,jong wan lee,이종완,Jong-Wahn Lee
,,jong woo kim,김종우,Jong-woo Kim
,,jong wook park,박종욱,Jong-Wook Park
,,joo eun song,송주은,Ju-Eun Song
,,joo hoon kim,김주훈,Ju-hun Kim
,,joo hwan kim,김주환,Ju-Hwan Kim
,,joo seob kim,김주섭,Joo-Sub Kim
,,joo won jeong,정주원,Ju-Won Jung
,,joo won seo,서주원,Joo-Won Seo
,,joo yeob choi,최주엽,Ju-Yeop Choi
,,joo yeong song,송주영,Joo-Young Song
,,joon ho wi,위준호,Joon-Ho Wee
,,joon ki lee,이준기,June-Ki Lee
,,joon pyeong lee,이준평,Joon-Pyung Lee
,,joon woo kim,김준우,Joon-Woo Kim
,,joon yeong ahn,안준영,Joon-Young An
,,joon yeong kim,김준영,Joon-Young Kim
,,joong seok lee,이중석,Lee Jung-Seok
,,jun ahn,안준,Jun An
,,jun beom lee,이준범,Jun-Beom Lee
,,jun beom park,박준범,Jun-Beom Park
,,jun ho ok,옥준호,Jun-ho Ok
,,jun ho park,박준호,Jun-Ho Park
,,jun hyeok cho,조준혁,Jun-Hyuk Cho
,,jun hyeok choi,최준혁,Jun-hyeok Choi
,,jun hyeok lee,이준혁,Jun-Hyeok Lee
,,jun hyeon kim,김준현,Jun-Hyun Kim
,,jun hyeong ahn,안준형,Jun-Hyeong An
,,jun hyi lee,이준희,Jun-Hee Lee
,,jun kyo seo,서준교,Jun-Kyo Seo
,,jun mo ahn,안준모,Jun-Mo An
,,jun myeong lee,이준명,Jun-Myung Lee
,,jun pyo hong,홍준표,Jun-Pyo Hong
,,jun sang kim,김준상,Jun-Sang Kim
,,jun seo baek,백준서,Jun-seo Baek
,,jun seo choi,최준서,Jun-seo Choi
,,jun seo lee,이준서,Jun-Seo Lee
,,jun seok kim,김준석,Jun-Seok Kim
,,jun sik choi,최준식,Jun-Sik Choi
,,jun won kim,김준원,Jun-won Kim
,,jun yeong cho,조준영,Jun-Young Cho
,,jun yeong jang,장준영,Jun-Young Jang
,,jun yong park,박준용,JUN-YONG PARK
,,kang bae,배강,Gang Bae
,,kang chan yoon,윤강찬,Kang-Chan Yoon
,,kang deuk byeon,변강득,Kang-Deuk Byun
,,kang hyeok ji,지강혁,Kang-Hyuk Ji
,,kang hyeok lee,이강혁,Kang-Hyuk Lee
,,kang hyi cho,조강희,Kang-Hee Cho
,,kang rae kim,김강래,Kang-Rae Kim
,,kang wook lee,이강욱,Kang-Wook Lee
,,keon hyi cho,조건희,Geon-Hee Cho
,,keon hyi han,한건희,Geon-Hee Han
,,keon joo hwang,황건주,Geon-Ju Hwang
,,keon jun kang,강건준,Geon-Jun Kang
,,keon kim,김건,Geon Kim
,,keon park,박건,Geon Park
,,keon pil kim,김건필,Geon-Pil Kim
,,keon woo pang,방건우,Geon-Woo Bang
,,keon yi kim,김건이,Geon-Yi  Kim
,,keong soo min,민경수,Keong-Soo Min
,,keun ho kim,김근호,Keun-Ho Kim
,,keun hyeok lee,이근혁,Geun-Hyeok Lee
,,keun sang yoo,유근상,Geun-sang Yoo
,,keun sig lee,이근식,Keun-Sig Lee
,,keun woo lim,임근우,Geun-u Im
,,ki chang lee,이기창,Gi-chang Lee
,,ki cheol park,박기철,Ki-Cheol Park
,,ki ho park,박기호,Ki-Ho Park
,,ki hwan park,박기환,Gi-Hwan Park
,,ki hyo ahn,남기효,Gi-hyo Ahn
,,ki joong lee,이기중,Ki-Joong Lee
,,ki jun kim,김기준,Ki-Jun Kim
,,ki nam kim,김기남,Gi-Nam Kim
,,ki seok lee,이기석,Ki-Seok Lee
,,ki won han,한기원,Gi-Won Han
,,ki yeong kwon,권기영,Ki-Young Kwon
,,ki yong lee,이기용,Ki-Yong Lee
,,koo yeol yang,양구열,Gu-Yeol Yang
,,kook heon jang,장국헌,Guk-Heon Jang
,,kuk pil lee,이국필,Kuk-Pil Lee
,,kun woo byeon,변건우,kun-woo Byun
,,kwan ho kim,김관호,Gwan-ho Kim
,,kwan woo kim,김관우,Kwan-Woo Kim
,,kwang jun ahn,안광준,Kwang-Jun An
,,kwang myeong park,박광명,Gwang-myung Park
,,kyeom ahn,안겸,Gyeom Ahn
,,kyeom han,한겸,Gyeom Han
,,kyeom jae kim,김겸재,Kyeom-jae Kim
,,kyeong chan seo,서경찬,Gyeong-Chan Seo
,,kyeong jae lee,이경재,Kyung-Jae Lee
,,kyeong min cho,조경민,Kyung-Min Cho
,,kyeong min kim,김경민,Kyeong-Min Kim
,,kyeong min shin,신경민,KYOUNG-MIN SHIN
,,kyeong min yang,양경민,Kyoung-Min Yang
,,kyeong mo shin,신경모,Kyung-Mo Shin
,,kyeong mo yang,양경모,Gyeong-Mo Yang
,,kyeong moon kwak,곽경문,Kyung-Moon Kwak
,,kyeong nam min,민경남,Kyung-Nam Min
,,kyeong neon kim,김경년,Kyung-Neon Kim
,,kyeong pyo ko,고경표,Kyung-Pyo Ko
,,kyeong rok lee,이경록,Kyeong-Rok Lee
,,kyeong sik yang,양경식,Kyung-Sik Yang
,,kyeong su lee,이경수,Gyeong-Su Lee
,,kyeong tae choi,최경태,Gyeong-Tae Choi
,,kyeong tak kim,김경탁,Kyeong-Tak Kim
,,kyeong won cho,조경원,Kyung-Won Cho
,,kyeong woo jin,경우진,Kyung Woo-jin
,,kyeong woo oh,오경우,Gyeong-u Oh
,,kyo ram kim,김교람,Gyo-Ram Kim
,,kyu bin shim,심규빈,Kyu-bin Sim
,,kyu bo choi,최규보,Kyu-Bo Choi
,,kyu ho na,나규호,Kyu-Ho Na
,,kyu min park,박규민,Kyu-Min Park
,,kyu seok oh,오규석,Kyu-Seok Oh
,,kyu seong ahn,안규성,Gyu-Seong Ahn
,,kyu sik jeong,정규식,Gyu-Sik Jeong
,,kyu soon choi,최규순,Gyu-Soon Choi
,,luis antonio jimenez,히메네스,Luis Antonio Jiménez
,,mae seong kang,강매성,Mae-Seong Kang
Micah Bowie,https://www.baseball-reference.com/register/player.fcgi?id=bowie-001mic,micah bowie,,
,,michael baek,백미카엘,Michael Baek
,,min cheol oh,오민철,Min-Cheol Oh
,,min cheol shin,신민철,Min-Cheol Shin
,,min gyeum kim,김민겸,Min-Gyeum Kim
,,min ho kong,공민호,Min-Ho Gong
,,min ho kwak,곽민호,Min-Ho Kwak
,,min ho yoon,윤민호,Min-ho Yoon
,,min hyeok heo,허민혁,Min-Hyuk Heo
,,min hyeok lee,이민혁,Min-Hyeok Lee
,,min je kang,강민제,Min-je Kang
,,min jeong park,박민정,Min-Jeong Park
,,min joon kim,김민준,Min-Joon Kim
,,min kang,강민,Min Kang
,,min kuk choi,최민국,Min-Kuk Choi
,,min kyu baek,백민규,Min-Gyu Baek
,,min kyun kang,강민균,Min-Gyun Kang
,,min kyun kim,김민균,Min-kyun Kim
,,min seob choi,최민섭,Min-seop Choi
,,min seob kim,김민섭,Min-seop Kim
,,min seob yoon,윤민섭,Min-Seob Yoon
,,min seok yoon,윤민석,Min-seok Yoon
,,min seong jeong,정민성,MIN-SEONG JEONG
,,min seong ki,기민성,Min-Sung Ki
,,min soo kang,강민수,Min-Soo Kang
,,min woo han,한민우,Min-Woo Han
,,min woo jeong,정민우,Min-Woo Jung
,,min wook kim,김민욱,Min-Wook Kim
,,min yoo,유민,Min Yoo
,,moo bin kim,김무빈,Moo-bin Kim
,,moo seong cho,조무성,Moo-Sung Cho
,,moo won hong,홍무원,Moo-Won Hong
,,moon hong kim,김문홍,Moon-Hong Kim
,,moon keun jeong,정문근,Moon-Geun Jung
,,mun su kim,김문수,Mun-Su Kim
,,myeong hwan koo,구명환,Myeong-Hwan Gu
,,myeong jun kang,강명준,Myeong-Jun Kang
,,myeong seo kim,김명서,Myeong-Seo Kim
,,myeong seung shin,신명승,Myeong-Seung Shin
,,myeong soo shin,신명수,Myung-Soo Shin
,,na hyeon lee,이나현,Na-Hyun Lee
,,na on kil,길나온,Na-On Gil
,,nam kil kim,김남길,Nam-gil Kim
,,nam won baek,백남원,Nam-Won Baek
,,nok won kim,김녹원,Nok-Won Kim
,,parker markel,마켈,Parker Markel
,,pil sun hwang,황필선,Pil-Sun Hwang
,,pyo seung kim,김표승,Pyo-Seung Kim
,,ri an kim,김리안,Ri-An Kim
,,ricardo rodriguez,로드리게스,Ricardo Rodriguez
,,sae ho lee,이세호,Sae-Ho Lee
,,san kang,강산,San Kang
,,sang ho bae,배상호,Sang-Ho Bae
,,sang hoon won,원상훈,Sang-Hoon Won
,,sang hu park,박상후,Sang-Hu Park
,,sang hwa yoo,유상화,Sang-Hwa Yoo
,,sang hyeok noh,노상혁,Sang-Hyuk Noh
,,sang hyeon bae,배상현,Sang-Hyun Bae
,,sang il han,한상일,Sang-Il Han
,,sang jun chae,채상준,Sang-Jun Chae
,,sang jun lee,이상준,Sang-jun Lee
,,sang jun park,박상준,Sang-Jun Park
,,sang rok kim,김상록,Sang-Rok Kim
,,sang won yoon,윤상원,Sang-won Yoon
,,sang woong cheon,천상웅,Sang-Ung Cheon
,,sang yeob oh,오상엽,Sang-Yeop Oh
,,sang yeon lee,이상연,Sang-Yeon Lee
,,se hoon oh,오세훈,Se-Hun OH
,,se hoon yoon,윤세훈,Se-Hoon Yoon
,,se jik park,박세직,Se-Jik Park
,,se jong bae,배세종,Se-Jong Bae
,,se min oh,오세민,Se-Min Oh
,,se won na,나세원,Se-Won Na
,,se woong baek,백세웅,Se-woong Baek
,,seo jin kim,김서진,Seo-Jin Kim
,,seo jun park,박세준,Seo-Jun Park
,,seo jun park,박서준,Seo-Jun Park
,,seo koo han,한서구,Seo-Gu Han
,,seok hoon kim,김석훈,Seok-Hoon Kim
,,seok hyeon kang,강석현,Seok-hyeon Kang
,,seok jae lee,이석재,Seok-Jae Lee
,,seok je lee,이석제,Seok-Je Lee
,,seok jin noh,노석진,Seok-jin Noh
,,seok jong moon,문석종,Seok-jong Moon
,,seok ki shin,신석기,Seok-Gi Shin
,,seok oh,오석,Suk OH
,,seon dong kim,김선동,Seon-dong Kim
,,seon ki baek,백선기,Seon-Ki Baek
,,seon woo lee,이선우,Seon-Woo Lee
,,seong bo yoon,윤성보,Seong-bo Yun
,,seong bok lee,이성복,Sung-Bok Lee
,,seong hak lim,임성학,Seong-Hak Lim
,,seong ho shin,신성호,Sung-Ho Shin
,,seong hoon lee,이성훈,Seong-Hoon Lee
,,seong hoon song,송성훈,Seong-Hun Song
,,seong hwan park,박성환,Seong-Hwan Park
,,seong hyeon cho,조성현,Jo Sung-Hyeon
,,seong hyup kim,김성협,Sung-Hyup Kim
,,seong jin ha,하성진,Sung-Jin Ha
,,seong joo lee,이성주,Seong-Ju Lee
,,seong joo maeng,맹성주,Seong-ju Maeng
,,seong jun kwon,권성준,Sung-Jun Kwon
,,seong jun lim,임성준,Seong-Jun Im
,,seong kil yoon,윤성길,Seong-Gil Yoon
,,seong kyeung kim,김성경,SUNG-KYEUNG KIM
,,seong min jeong,정성민,Sung-Min Jeong
,,seong min ko,고성민,Seong-Min Ko
,,seong pil ahn,안성필,Sung-Pil An
,,seong su lee,이성수,Seong-Su Lee
,,seong taek kim,김성택,Sung-Taek Kim
,,seong won lee,이성원,Seong-Won Lee
,,seong woo ko,고성우,Seong-Woo Ko
,,seong woo min,민성우,Seong-Woo Min
,,seong woo park,박성우,Sung-Woo Park
,,seong woong hwang,황성웅,Hwang Sung-woong
,,seong woong park,박성웅,Sung-Woong Park
,,seong yong moon,문성용,Seong-Yong Moon
,,seung bin joo,주승빈,Seung-Bin Joo
,,seung cheol yeo,여승철,Yeo Seung-cheol
,,seung eon lee,이승언,Seung-eon Lee
,,seung hoo kim,김승후,Seung-Hoo Kim
,,seung hoon choi,최승훈,Seung-hoon Choi
,,seung hoon kang,강승훈,Seung-Hoon Kang
,,seung hoon lee,이승훈,Seung-Hoon Lee
,,seung hoon park,박승훈,Seung-Hoon Park
,,seung hyeon noh,노승현,Seung-Hyeon Noh
,,seung jin moon,문승진,Seung-jin Moon
,,seung joo choi,최승주,Seung-Ju Choi
,,seung jun kim,김승준,Seung-Jun Kim
,,seung ki min,민승기,Seung-Gi Min
,,seung min choo,추승민,Seung-Min Choo
,,seung ryong yoo,유승룡,Seung-ryong Yoo
,,seung taek oh,오승택,Seung-Taek Oh
,,seung wan ko,고승완,Seung-wan Ko
,,seung wan park,박승완,Seung-Wahn Park
,,seung won hong,홍승원,Seung-Won Hong
,,seung won woo,우승원,Seung-Won Woo
,,seung woo jeon,전승우,Seung-woo Jeon
,,seung woo park,박승우,Seung-Woo Park
,,seung yeol yoon,윤승열,Seung-Yeol Yoon
,,seung yeon han,한승연,Seung-Yeon Han
,,seung yoon oh,오승윤,Seung-Yoon Oh
,,shin ho lim,임신호,Shin-ho Lim
,,shin hoi kim,김신회,Shin-Hoe Kim
,,si ha jang,장시하,Si-Ha Jang
,,si heon seong,성시헌,Si-Heon Seong
,,si hyeok choi,최시혁,Si-Hyuk Choi
,,si hyeon jang,장시현,Si-Hyeon Jang
,,si on kim,김시온,Si-On Kim
,,si on park,박시온,Si-On Park
,,si wan kim,김시완,Si-Wahn Kim
,,si won lee,이시원,Si-Won Lee
,,si woo kim,김시우,Si-Woo Kim
,,si yeong byeon,변시영,Si-Yeong Byun
,,si yun park,박시윤,Si-Yun Park
,,song chan lee,이송찬,Song-Chan Lee
,,soo ho choi,최수호,Soo-Ho Choi
,,soo hyeon park,박수현,Soo-Hyun Park
,,su bin choi,최수빈,Su-bin Choi
,,su bin kong,공수빈,Su-Bin Gong
,,su in kim,김수인,Su-In Kim
,,su yong park,박수용,Su-Yong Park
,,su yun kim,김수윤,Su-Yun Kim
,,sun myeong cho,조선명,Sun-Myung Cho
,,tae gon kil,길태곤,Tai-Gon Gil
,,tae ho eom,엄태호,Eom Tae-ho
,,tae ho kim,김태호,Tae-ho Kim
,,tae ho yoon,윤태호,Tae-Ho Yoon
,,tae jin cho,조태진,Tae-Jin Cho
,,tae joon jeon,전태준,Tae-Joon Jeon
,,tae koo kim,김태구,Tae-Gu Kim
,,tae kyeom lee,이태겸,Tae-Gyeom Lee
,,tae kyeong ahn,안태경,Tae-Kyung An
,,tae kyeong eom,엄태경,Eom Tae-Kyoung
,,tae kyu lee,이태규,Tae-Gyu Lee
,,tae seong choi,최태성,Tae-sung Choi
,,tae sun oh,오태선,Tae-Sun Oh
,,tae wan kang,강태완,Tae-wan Kang
,,tae wan park,박태완,Tae-wan Park
,,tae won park,박태원,Park Tae-Won
,,tae woon kim,김태윤,Tae-Woon Kim
,,tae yeoung kim,김태영,Tae-Yeoung Kim
,,tae yoon lim,임태윤,Tae-Yoon Lim
,,tae yun kim,김태윤,Tae-yun Kim
,,taek hyeong kwon,권택형,Taek-hyeong Kwon
,,taek woo kim,김택우,Taek-Woo Kim
,,wang joong baek,백왕중,Wang-jung Baek
,,won bin hong,홍원빈,Won-bin Hong
,,won bin lee,이원빈,Won-Bin Lee
,,won ho jang,장원호,Won-Ho Jang
,,won jae shin,신원재,Won-Jae Shin
,,won jin kang,강원진,Won-Jin Kang
,,won kyeong kim,김원경,Won-kyung Kim
,,won seok cheon,천원석,Won-Seok Cheon
,,woo hyeok choi,최우혁,Woo-Hyuk Choi
,,woo hyeon lee,이우현,Woo-hyun Lee
,,woo in choi,최우인,Woo-in Choi
,,woo jae shin,신우재,Woo-Jae Shin
,,woo jun jang,장우준,Woo-Jun Jang
,,woo ram jang,장우람,Woo-Ram Jang
,,woo seok jeong,정우석,Woo-Suk Jung
,,woo seok song,송우석,Woo-Seok Song
,,woo seong jeong,정우성,Woo-Sung Jung
,,woo yang jeong,정우양,Woo-Yang Jung
,,woong han lee,이웅한,Woong-Han Lee
,,woong kim,김웅,Woong Kim
,,yang sik moon,문양식,Yang-sik Moon
,,yang soo kim,김양수,Yang-soo Kim
,,yang woo lee,이양우,Yang-Woo Lee
,,ye chan lee,이예찬,Ye-chan Lee
,,ye jun kim,김예준,Ye-Jun Kim
,,yee kyeong choi,최이경,Yee-kyung Choi
,,yeon je jeong,정연제,Yeon-Je Jung
,,yeon jun kim,김연준,Yeon-Jun Kim
,,yeon jun lee,김연준,Yeon-Jun Lee
,,yeon wook han,한연욱,Yeon-Wook Han
,,yeong chan ko,고영찬,Young-Chan Ko
,,yeong choul kwon,권영철,Young-Choul Kwon
,,yeong ha yoo,유영하,Young-Ha Yoo
,,yeong han kim,김영한,Young-Han Kim
,,yeong ho lee,이용호,Young-Ho Lee
,,yeong hoon cho,조영훈,Yeong-Hun Cho
,,yeong jae ko,고영재,Young-Jae Gp
,,yeong jae shin,신영재,Young-Jae Shin
,,yeong jeong kim,김영중,Young-Jung  Kim
,,yeong jin doo,두영진,Yeong-Jin Do
,,yeong jin ha,하영진,Young-Jin Ha
,,yeong ki lee,이영기,Young-Ki Lee
,,yeong kwang jeong,정영광,Young-Kwang Jung
,,yeong kwang kim,김영광,Young-Kwang Kim
,,yeong tak seong,성영탁,Yeong-tak Sung
,,yeong wook oh,오영욱,Yeong-Wook Oh
,,yeong woong cheon,천영웅,Young-Ung Cheon
,,yi hwang jeong,정이황,Yi-Hwang Jung
,,yo han yoon,윤요한,Yo-han Yoon
,,yong ha choi,최용하,Yong-Ha Choi
,,yong in kim,김용인,Yong-in Kim
,,yong jea hong,홍재용,Yong-jea Hong
,,yong joo heo,허용주,Heo Yong-Joo
,,yong jun sohn,손용준,Yong-jun Son
,,yong keun cho,조용근,Yong-Geun Cho
,,yong ki na,나용기,Yong-Gi Na
,,yong min park,박용민,Yong-Min Park
,,yong seung shin,신용승,Yong-Seung Shin
,,yong wan kim,김용완,Yong-Wahn Kim
,,yong woo kwon,권용우,Yong-Woo Gwon
,,yong wook park,박용욱,Yong-Wook Park
,,yoo bin choi,최유빈,Yu-Bin Choi
,,yoo cheol jeong,정유철,Yoo-Chul Jung
,,yoo min kim,김유민,Yu-Min Kim
,,yoo sang hong,홍유상,Yu-Sang Hong
,,yoo seok jeong,정유석,Yu-Seok Jung
,,yoo seong noh,노유성,Yoo-Sung Noh
,,yoo shin seo,서유신,Yu-shin Seo
,,yoo sik kwon,권유식,Yoo-sik Kwon
,,yoo won hong,홍유원,Yu-won Hong
,,yoo won shin,신유원,Yu-Won Shin
,,yool nam,남율,Yu Naml
,,yoon cheol choi,최윤철,Choi Yun-Cheol
,,yoon hak lee,이윤학,Yoon-Hak Lee
,,yoon ji,지윤,Yoon Ji
,,yoon ki han,한윤기,Yoon-Gi Han
,,yoon sang noh,노윤상,Yoon-Sang Noh
,,yul ki sohn,손율기,Yul-gi Son
,,yun ho jeong,정윤호,Yun-Ho Jung
,,yun hwan jeong,정윤환,Yun-Hwan Jung
,,yun jun pang,방윤준,Yun-jun Bang
,,yun seo choi,최윤서,Yun-seo Choi
